"","No.","일자","일","사용량..kWh.","최대수요..kW.","사용량요금..원.","무효전력..kVarh....지상","무효전력..kVarh....진상","역률......지상","dayOfTheWeek","isHoliday","dateName","season"
"1",1,201509,1,33460.92,1926.72,2071493,9068.04,0,96.39,"화","N",NA,"fall"
"2",2,201509,2,31753.08,1818.72,1963191,8457.84,0,96.46,"수","N",NA,"fall"
"3",3,201509,3,32092.56,1872,1995260,8572.68,0,96.45,"목","N",NA,"fall"
"4",4,201509,4,30417.84,1745.28,1878128,8159.04,0,96.34,"금","N",NA,"fall"
"5",5,201509,5,26595,1432.8,1453461,7027.56,0,96.51,"토","N",NA,"fall"
"6",6,201509,6,22194.72,1137.6,1005421,5465.52,0,96.88,"일","N",NA,"fall"
"7",7,201509,7,27756.72,1582.56,1711497,7216.92,0,96.49,"월","N",NA,"fall"
"8",8,201509,8,27299.88,1517.76,1679637,6606.36,0,97.06,"화","N",NA,"fall"
"9",9,201509,9,27027.36,1509.12,1664385,6745.32,0,96.75,"수","N",NA,"fall"
"10",10,201509,10,28063.8,1542.24,1728947,6980.76,0,96.84,"목","N",NA,"fall"
"11",11,201509,11,27097.56,1476,1662615,6667.56,0,97.02,"금","N",NA,"fall"
"12",12,201509,12,22989.24,1226.88,1257943,5422.68,0,97.06,"토","N",NA,"fall"
"13",13,201509,13,20916.72,1061.28,947527,4986.72,0,96.96,"일","N",NA,"fall"
"14",14,201509,14,26920.8,1499.04,1652757,6713.64,0,96.85,"월","N",NA,"fall"
"15",15,201509,15,27069.84,1506.24,1660640,6609.96,0,97,"화","N",NA,"fall"
"16",16,201509,16,25453.44,1405.44,1558488,6017.4,0,97.19,"수","N",NA,"fall"
"17",17,201509,17,26014.68,1415.52,1591899,6319.08,0,97.01,"목","N",NA,"fall"
"18",18,201509,18,24813,1311.84,1514739,5927.76,0,97.15,"금","N",NA,"fall"
"19",19,201509,19,23718.6,1224,1299215,6090.48,0,96.56,"토","N",NA,"fall"
"20",20,201509,20,21709.08,1117.44,983421,5223.24,0,96.85,"일","N",NA,"fall"
"21",21,201509,21,26507.88,1424.16,1620176,6527.88,0,96.84,"월","N",NA,"fall"
"22",22,201509,22,27360.72,1566.72,1685441,6629.04,0,97,"화","N",NA,"fall"
"23",23,201509,23,25953.12,1389.6,1581214,6171.84,0,97.19,"수","N",NA,"fall"
"24",24,201509,24,25389,1395.36,1555590,5711.04,0,97.49,"목","N",NA,"fall"
"25",25,201509,25,23225.76,1280.16,1417863,5086.08,0,97.37,"금","N",NA,"fall"
"26",26,201509,26,16565.04,776.16,750396,3356.64,0,97.79,"토","N",NA,"fall"
"27",27,201509,27,15639.48,747.36,708468,3127.68,0,97.78,"일","N",NA,"fall"
"28",28,201509,28,14819.04,770.4,671303,2412.36,0,98.81,"월","N",NA,"fall"
"29",29,201509,29,16308.36,941.76,738769,2825.64,0,97.94,"화","N",NA,"fall"
"30",30,201509,30,22029.48,1232.64,1331126,4409.28,0,98,"수","N",NA,"fall"
"31",31,201510,1,22311.72,1188,1360121,4312.08,0,98.19,"목","N",NA,"fall"
"32",32,201510,2,22111.56,1193.76,1347921,4109.76,0,98.22,"금","N",NA,"fall"
"33",33,201510,3,19391.04,986.4,878414,3704.04,0,98.04,"토","N",NA,"fall"
"34",34,201510,4,18325.8,954.72,830159,3495.24,0,98.05,"일","N",NA,"fall"
"35",35,201510,5,21932.28,1150.56,1333789,4149.72,0,98.12,"월","N",NA,"fall"
"36",36,201510,6,21863.52,1156.32,1326092,3990.6,0,98.3,"화","N",NA,"fall"
"37",37,201510,7,22350.24,1175.04,1359760,4028.4,0,98.4,"수","N",NA,"fall"
"38",38,201510,8,22370.04,1164.96,1356475,4111.2,0,98.24,"목","N",NA,"fall"
"39",39,201510,9,19681.92,956.16,891591,3621.6,0,98.21,"금","N",NA,"fall"
"40",40,201510,10,18330.84,960.48,993154,3090.24,0,98.58,"토","N",NA,"fall"
"41",41,201510,11,17858.52,947.52,808991,3043.08,0,98.5,"일","N",NA,"fall"
"42",42,201510,12,20264.4,1127.52,1248535,3197.16,0,98.8,"월","N",NA,"fall"
"43",43,201510,13,19196.64,1130.4,1173951,2912.04,0,98.78,"화","N",NA,"fall"
"44",44,201510,14,21651.12,1153.44,1318863,3236.76,0,98.8,"수","N",NA,"fall"
"45",45,201510,15,21200.76,1085.76,1279054,3399.84,0,98.64,"목","N",NA,"fall"
"46",46,201510,16,20738.88,1036.8,1255110,3363.84,0,98.57,"금","N",NA,"fall"
"47",47,201510,17,18883.08,982.08,1026636,3176.64,0,98.46,"토","N",NA,"fall"
"48",48,201510,18,18270,979.2,827631,3056.4,0,98.47,"일","N",NA,"fall"
"49",49,201510,19,21425.76,1088.64,1298162,3461.04,0,98.64,"월","N",NA,"fall"
"50",50,201510,20,21049.92,1052.64,1274628,3380.76,0,98.58,"화","N",NA,"fall"
"51",51,201510,21,21104.64,1052.64,1275494,3436.92,0,98.62,"수","N",NA,"fall"
"52",52,201510,22,22191.84,1152,1340448,3765.6,0,98.51,"목","N",NA,"fall"
"53",53,201510,23,21660.48,1126.08,1307851,3430.44,0,98.83,"금","N",NA,"fall"
"54",54,201510,24,19402.2,1081.44,1055689,3044.16,0,98.81,"토","N",NA,"fall"
"55",55,201510,25,17734.68,936,803381,2828.16,0,98.61,"일","N",NA,"fall"
"56",56,201510,26,21213.36,1104.48,1276400,3481.2,0,98.67,"월","N",NA,"fall"
"57",57,201510,27,20922.12,1111.68,1252837,3202.56,0,98.89,"화","N",NA,"fall"
"58",58,201510,28,20733.48,1097.28,1243715,3003.84,0,99,"수","N",NA,"fall"
"59",59,201510,29,22511.16,1198.08,1347965,3535.92,0,98.8,"목","N",NA,"fall"
"60",60,201510,30,22591.08,1180.8,1357756,3489.48,0,98.78,"금","N",NA,"fall"
"61",61,201510,31,19159.56,1046.88,1035465,2942.28,0,98.77,"토","N",NA,"fall"
"62",62,201511,1,19327.68,983.52,952855,2961,0,98.81,"일","N",NA,"fall"
"63",63,201511,2,23105.52,1267.2,1978460,3638.52,0,98.8,"월","N",NA,"fall"
"64",64,201511,3,22807.08,1213.92,1945836,3462.48,0,98.97,"화","N",NA,"fall"
"65",65,201511,4,22424.76,1154.88,1908479,3449.16,0,98.89,"수","N",NA,"fall"
"66",66,201511,5,22134.24,1160.64,1883359,3400.56,0,98.82,"목","N",NA,"fall"
"67",67,201511,6,21764.88,1159.2,1854105,3382.56,0,98.82,"금","N",NA,"fall"
"68",68,201511,7,19224.36,957.6,1408518,3015.72,0,98.75,"토","N",NA,"fall"
"69",69,201511,8,18991.44,1052.64,936278,3060.72,0,98.59,"일","N",NA,"fall"
"70",70,201511,9,23242.68,1261.44,1998675,3731.76,0,98.83,"월","N",NA,"fall"
"71",71,201511,10,23452.56,1283.04,2006539,3789.72,0,98.73,"화","N",NA,"fall"
"72",72,201511,11,22809.6,1199.52,1929436,3399.48,0,98.98,"수","N",NA,"fall"
"73",73,201511,12,22005.36,1175.04,1864532,3325.68,0,98.89,"목","N",NA,"fall"
"74",74,201511,13,22464,1176.48,1922864,3464.28,0,98.84,"금","N",NA,"fall"
"75",75,201511,14,20038.32,1091.52,1461756,3091.68,0,98.84,"토","N",NA,"fall"
"76",76,201511,15,19614.96,1218.24,967018,3026.52,0,98.73,"일","N",NA,"fall"
"77",77,201511,16,22874.04,1267.2,1961147,3626.64,0,98.72,"월","N",NA,"fall"
"78",78,201511,17,22178.16,1186.56,1899537,3488.04,0,98.74,"화","N",NA,"fall"
"79",79,201511,18,23106.24,1198.08,1981963,3660.84,0,98.81,"수","N",NA,"fall"
"80",80,201511,19,23902.92,1265.76,2041676,4164.12,0,98.46,"목","N",NA,"fall"
"81",81,201511,20,23676.48,1248.48,2019471,3882.24,0,98.8,"금","N",NA,"fall"
"82",82,201511,21,20815.2,1123.2,1534504,2952.72,0,99.06,"토","N",NA,"fall"
"83",83,201511,22,19842.12,1190.88,978217,3378.24,0,98.45,"일","N",NA,"fall"
"84",84,201511,23,24818.76,1313.28,2127358,4415.4,0,98.35,"월","N",NA,"fall"
"85",85,201511,24,25373.52,1329.12,2170697,4569.12,0,98.41,"화","N",NA,"fall"
"86",86,201511,25,26408.16,1389.6,2268206,4871.88,0,98.27,"수","N",NA,"fall"
"87",87,201511,26,28641.6,1510.56,2470035,5776.2,0,98.05,"목","N",NA,"fall"
"88",88,201511,27,29855.88,1499.04,2541692,6135.48,0,98.1,"금","N",NA,"fall"
"89",89,201511,28,24775.92,1257.12,1806974,4890.24,0,98.24,"토","N",NA,"fall"
"90",90,201511,29,22591.8,1152,1113776,3961.8,0,98.44,"일","N",NA,"fall"
"91",91,201511,30,27571.68,1429.92,2366168,5168.52,0,98.29,"월","N",NA,"fall"
"92",92,201512,1,27441.36,1396.8,2340387,5112,0,98.36,"화","N",NA,"winter"
"93",93,201512,2,27694.8,1552.32,2374235,4963.32,0,98.43,"수","N",NA,"winter"
"94",94,201512,3,29169,1609.92,2526036,5452.56,0,98.28,"목","N",NA,"winter"
"95",95,201512,4,30341.16,1584,2572645,6062.76,0,98.13,"금","N",NA,"winter"
"96",96,201512,5,26026.56,1435.68,1915017,5160.96,0,98.04,"토","N",NA,"winter"
"97",97,201512,6,25164,1332,1240585,4779.36,0,98.16,"일","N",NA,"winter"
"98",98,201512,7,28685.88,1568.16,2434946,5344.92,0,98.34,"월","N",NA,"winter"
"99",99,201512,8,28257.48,1632.96,2403429,5214.6,0,98.29,"화","N",NA,"winter"
"100",100,201512,9,27629.28,1543.68,2351834,5036.4,0,98.39,"수","N",NA,"winter"
"101",101,201512,10,27038.16,1588.32,2333839,4943.16,0,98.28,"목","N",NA,"winter"
"102",102,201512,11,26974.8,1441.44,2310778,4801.68,0,98.38,"금","N",NA,"winter"
"103",103,201512,12,24000.12,1378.08,1753175,4334.76,0,98.43,"토","N",NA,"winter"
"104",104,201512,13,22137.48,1307.52,1091378,3769.2,0,98.56,"일","N",NA,"winter"
"105",105,201512,14,27501.48,1566.72,2355204,4946.4,0,98.34,"월","N",NA,"winter"
"106",106,201512,15,28182.6,1556.64,2428178,5362.92,0,98.28,"화","N",NA,"winter"
"107",107,201512,16,30100.32,1674.72,2590436,6136.56,0,97.91,"수","N",NA,"winter"
"108",108,201512,17,31942.44,1753.92,2698450,6755.04,0,97.9,"목","N",NA,"winter"
"109",109,201512,18,31857.12,1756.8,2711061,6428.16,0,98.09,"금","N",NA,"winter"
"110",110,201512,19,26180.28,1405.44,1905435,5042.52,0,98.42,"토","N",NA,"winter"
"111",111,201512,20,23815.08,1321.92,1174083,4394.16,0,98.46,"일","N",NA,"winter"
"112",112,201512,21,27820.8,1693.44,2394280,4934.88,0,98.52,"월","N",NA,"winter"
"113",113,201512,22,27228.6,1487.52,2328540,5055.84,0,98.32,"화","N",NA,"winter"
"114",114,201512,23,26096.04,1491.84,2251063,4498.56,0,98.49,"수","N",NA,"winter"
"115",115,201512,24,25289.28,1435.68,2162902,4569.84,0,98.42,"목","N",NA,"winter"
"116",116,201512,25,20971.08,1157.76,1033874,3464.64,0,98.84,"금","N",NA,"winter"
"117",117,201512,26,23109.12,1239.84,1699724,4138.2,0,98.47,"토","N",NA,"winter"
"118",118,201512,27,23675.04,1336.32,1167179,4590,0,98.32,"일","N",NA,"winter"
"119",119,201512,28,30318.12,1628.64,2585777,5974.56,0,98.35,"월","N",NA,"winter"
"120",120,201512,29,29763.72,1602.72,2513704,5732.64,0,98.39,"화","N",NA,"winter"
"121",121,201512,30,28700.28,1573.92,2435066,5324.04,0,98.42,"수","N",NA,"winter"
"122",122,201512,31,26494.56,1447.2,2244711,4689,0.36,98.47,"목","N",NA,"winter"
"123",123,201601,1,21212.64,1123.2,1045783,3556.08,0,98.8,"금","N",NA,"winter"
"124",124,201601,2,21534.12,1221.12,1578724,3402.36,0,98.89,"토","N",NA,"winter"
"125",125,201601,3,20713.32,1255.68,1021167,3144.6,0,98.92,"일","N",NA,"winter"
"126",126,201601,4,26772.12,1529.28,2293879,4642.56,0,98.56,"월","N",NA,"winter"
"127",127,201601,5,28790.28,1571.04,2470092,5354.64,0,98.45,"화","N",NA,"winter"
"128",128,201601,6,29169.72,1594.08,2490670,5321.16,0,98.55,"수","N",NA,"winter"
"129",129,201601,7,29188.44,1553.76,2479749,5583.96,0,98.42,"목","N",NA,"winter"
"130",130,201601,8,28722.6,1575.36,2434877,5483.52,0,98.44,"금","N",NA,"winter"
"131",131,201601,9,24560.64,1239.84,1783589,4375.44,0,98.71,"토","N",NA,"winter"
"132",132,201601,10,22884.84,1234.08,1128223,3910.32,0,98.63,"일","N",NA,"winter"
"133",133,201601,11,30231.36,1588.32,2580187,5664.6,0,98.49,"월","N",NA,"winter"
"134",134,201601,12,30304.44,1588.32,2577313,5773.68,0,98.46,"화","N",NA,"winter"
"135",135,201601,13,31267.44,1748.16,2652201,6207.12,0,98.35,"수","N",NA,"winter"
"136",136,201601,14,30758.04,1756.8,2587080,5847.84,0,98.52,"목","N",NA,"winter"
"137",137,201601,15,30008.52,1758.24,2540078,5625,0,98.47,"금","N",NA,"winter"
"138",138,201601,16,24937.92,1316.16,1815638,4302.72,0,98.79,"토","N",NA,"winter"
"139",139,201601,17,22727.16,1284.48,1120449,3553.2,0,98.9,"일","N",NA,"winter"
"140",140,201601,18,30644.64,1709.28,2644049,5373,0,98.6,"월","N",NA,"winter"
"141",141,201601,19,32366.52,1696.32,2737483,6323.76,0,98.38,"화","N",NA,"winter"
"142",142,201601,20,31067.28,1674.72,2625247,5695.92,0,98.59,"수","N",NA,"winter"
"143",143,201601,21,30971.52,1704.96,2636414,5729.4,0,98.56,"목","N",NA,"winter"
"144",144,201601,22,30896.64,1726.56,2620098,5667.48,0,98.61,"금","N",NA,"winter"
"145",145,201601,23,27576.72,1385.28,2025167,5261.76,0,98.35,"토","N",NA,"winter"
"146",146,201601,24,29520,1542.24,1455336,6448.32,0,97.71,"일","N",NA,"winter"
"147",147,201601,25,32845.68,1759.68,2792555,6329.16,0,98.39,"월","N",NA,"winter"
"148",148,201601,26,31482,1671.84,2670253,5893.92,0,98.55,"화","N",NA,"winter"
"149",149,201601,27,30825,1641.6,2606498,5631.84,0,98.48,"수","N",NA,"winter"
"150",150,201601,28,30031.2,1572.48,2530466,5369.04,0,98.62,"목","N",NA,"winter"
"151",151,201601,29,28621.44,1604.16,2438213,4997.88,0,98.53,"금","N",NA,"winter"
"152",152,201601,30,24688.8,1355.04,1803822,3992.76,0,98.77,"토","N",NA,"winter"
"153",153,201601,31,24968.52,1337.76,1230948,4501.44,0,98.51,"일","N",NA,"winter"
"154",154,201602,1,30154.32,1611.36,2560863,5659.2,0,98.5,"월","N",NA,"winter"
"155",155,201602,2,29989.44,1527.84,2547408,5499.36,0,98.53,"화","N",NA,"winter"
"156",156,201602,3,30031.2,1520.64,2539274,5451.84,0,98.6,"수","N",NA,"winter"
"157",157,201602,4,29419.92,1627.2,2494524,5174.64,0,98.62,"목","N",NA,"winter"
"158",158,201602,5,28148.76,1506.24,2373495,5028.48,0,98.63,"금","N",NA,"winter"
"159",159,201602,6,23824.44,1229.76,1714470,3985.56,0,98.81,"토","N",NA,"winter"
"160",160,201602,7,19744.2,999.36,973389,3100.68,0,98.98,"일","N",NA,"winter"
"161",161,201602,8,19553.4,1020.96,963983,3094.92,0,98.93,"월","N",NA,"winter"
"162",162,201602,9,19941.84,1114.56,983133,2921.04,0,99.18,"화","N",NA,"winter"
"163",163,201602,10,20436.84,1025.28,1007536,3223.08,0,99.04,"수","N",NA,"winter"
"164",164,201602,11,26487,1512,2274884,4575.96,0,98.6,"목","N",NA,"winter"
"165",165,201602,12,27351.72,1569.6,2333711,4755.96,0,98.52,"금","N",NA,"winter"
"166",166,201602,13,23249.88,1268.64,1703206,3750.84,0,98.79,"토","N",NA,"winter"
"167",167,201602,14,23475.6,1261.44,1157347,3791.88,0,98.71,"일","N",NA,"winter"
"168",168,201602,15,30096.36,1683.36,2573363,5591.16,0,98.57,"월","N",NA,"winter"
"169",169,201602,16,28908.72,1509.12,2454325,5256.36,0,98.54,"화","N",NA,"winter"
"170",170,201602,17,27300.6,1465.92,2295546,4714.56,0,98.73,"수","N",NA,"winter"
"171",171,201602,18,26249.76,1391.04,2236789,4569.84,0,98.47,"목","N",NA,"winter"
"172",172,201602,19,25642.08,1452.96,2188711,4126.68,0,98.8,"금","N",NA,"winter"
"173",173,201602,20,22368.6,1264.32,1646846,3663.72,0,98.69,"토","N",NA,"winter"
"174",174,201602,21,22353.84,1206.72,1102044,3600.36,0,99,"일","N",NA,"winter"
"175",175,201602,22,27272.52,1484.64,2336145,4574.52,0,98.67,"월","N",NA,"winter"
"176",176,201602,23,27067.32,1460.16,2321580,4775.04,0,98.45,"화","N",NA,"winter"
"177",177,201602,24,27650.16,1524.96,2333337,4866.48,0,98.63,"수","N",NA,"winter"
"178",178,201602,25,28084.32,1530.72,2393180,5148,0,98.34,"목","N",NA,"winter"
"179",179,201602,26,27905.04,1520.64,2372456,5164.2,0,98.37,"금","N",NA,"winter"
"180",180,201602,27,25290.72,1337.76,1851348,4489.56,0,98.63,"토","N",NA,"winter"
"181",181,201602,28,25079.04,1438.56,1236397,4220.64,0,98.59,"일","N",NA,"winter"
"182",182,201602,29,32526.72,1880.64,2776628,6429.6,0,98.22,"월","N",NA,"winter"
"183",183,201603,1,26569.08,1353.6,1203579,4885.2,0,98.6,"화","N",NA,"spring"
"184",184,201603,2,29005.92,1602.72,1739114,5289.48,0,98.51,"수","N",NA,"spring"
"185",185,201603,3,27221.04,1480.32,1643408,4483.44,0,98.62,"목","N",NA,"spring"
"186",186,201603,4,25443.72,1447.2,1530802,4007.52,0,98.73,"금","N",NA,"spring"
"187",187,201603,5,21491.28,1193.76,1164513,3120.84,0,98.88,"토","N",NA,"spring"
"188",188,201603,6,20114.28,1183.68,911177,2973.96,0,98.89,"일","N",NA,"spring"
"189",189,201603,7,26619.84,1520.64,1615096,4364.64,0,98.65,"월","N",NA,"spring"
"190",190,201603,8,27621.36,1445.76,1669165,4903.2,0,98.52,"화","N",NA,"spring"
"191",191,201603,9,28283.04,1539.36,1706351,5046.12,0,98.52,"수","N",NA,"spring"
"192",192,201603,10,30123.36,1552.32,1812352,5677.2,0,98.48,"목","N",NA,"spring"
"193",193,201603,11,28993.32,1552.32,1749918,5390.28,0,98.41,"금","N",NA,"spring"
"194",194,201603,12,24326.64,1313.28,1315697,4323.24,0,98.53,"토","N",NA,"spring"
"195",195,201603,13,23240.16,1287.36,1052779,3916.8,0,98.61,"일","N",NA,"spring"
"196",196,201603,14,28738.8,1563.84,1737684,5161.32,0,98.5,"월","N",NA,"spring"
"197",197,201603,15,27442.08,1556.64,1652629,4801.32,0,98.56,"화","N",NA,"spring"
"198",198,201603,16,27004.32,1516.32,1627297,4560.48,0,98.63,"수","N",NA,"spring"
"199",199,201603,17,27590.04,1545.12,1674427,4876.2,0,98.47,"목","N",NA,"spring"
"200",200,201603,18,26218.44,1468.8,1584258,4737.96,0,98.37,"금","N",NA,"spring"
"201",201,201603,19,23094.72,1280.16,1245303,4102.56,0,98.52,"토","N",NA,"spring"
"202",202,201603,20,21655.44,1281.6,980991,3668.4,0,98.56,"일","N",NA,"spring"
"203",203,201603,21,26497.44,1516.32,1600360,4656.24,0,98.51,"월","N",NA,"spring"
"204",204,201603,22,26974.8,1415.52,1625545,5004.72,0,98.31,"화","N",NA,"spring"
"205",205,201603,23,26620.92,1491.84,1600724,4804.92,0,98.54,"수","N",NA,"spring"
"206",206,201603,24,26587.44,1478.88,1599071,5141.88,0,98.27,"목","N",NA,"spring"
"207",207,201603,25,26331.12,1488.96,1588454,5013,0,98.26,"금","N",NA,"spring"
"208",208,201603,26,22933.44,1270.08,1238101,4506.84,0,98.24,"토","N",NA,"spring"
"209",209,201603,27,21767.04,1294.56,986047,3895.2,0,98.43,"일","N",NA,"spring"
"210",210,201603,28,26664.48,1537.92,1602745,5027.04,0,98.33,"월","N",NA,"spring"
"211",211,201603,29,26555.4,1486.08,1604274,4878,0,98.36,"화","N",NA,"spring"
"212",212,201603,30,25842.6,1421.28,1552488,4576.68,0,98.5,"수","N",NA,"spring"
"213",213,201603,31,24283.8,1252.8,1457478,4152.24,0,98.6,"목","N",NA,"spring"
"214",214,201604,1,24008.76,1249.92,1444436,4057.92,0,98.71,"금","N",NA,"spring"
"215",215,201604,2,21438.72,1183.68,1161738,3742.56,0,98.47,"토","N",NA,"spring"
"216",216,201604,3,21336.84,1347.84,966559,3449.52,0,98.71,"일","N",NA,"spring"
"217",217,201604,4,25679.16,1342.08,1546487,4389.12,0,98.63,"월","N",NA,"spring"
"218",218,201604,5,25074.72,1391.04,1511410,4334.76,0,98.58,"화","N",NA,"spring"
"219",219,201604,6,25153.56,1389.6,1515545,4291.56,0,98.62,"수","N",NA,"spring"
"220",220,201604,7,24788.16,1271.52,1492795,4111.56,0,98.67,"목","N",NA,"spring"
"221",221,201604,8,24331.32,1275.84,1462413,4067.64,0,98.66,"금","N",NA,"spring"
"222",222,201604,9,22197.96,1232.64,1200631,3750.48,0,98.64,"토","N",NA,"spring"
"223",223,201604,10,21072.96,1271.52,954605,3628.44,0,98.63,"일","N",NA,"spring"
"224",224,201604,11,24705.36,1343.52,1479458,4130.64,0,98.8,"월","N",NA,"spring"
"225",225,201604,12,24474.96,1329.12,1471935,3859.2,0,98.78,"화","N",NA,"spring"
"226",226,201604,13,20821.32,1244.16,943206,3221.64,0,98.77,"수","N",NA,"spring"
"227",227,201604,14,24517.08,1271.52,1474751,3825.36,0,98.91,"목","N",NA,"spring"
"228",228,201604,15,24024.24,1257.12,1444918,3818.52,0,98.77,"금","N",NA,"spring"
"229",229,201604,16,20634.84,1111.68,1115607,3238.92,0,98.8,"토","N",NA,"spring"
"230",230,201604,17,21061.8,1185.12,954100,3379.32,0,98.71,"일","N",NA,"spring"
"231",231,201604,18,24398.64,1370.88,1467469,3881.88,0,98.81,"월","N",NA,"spring"
"232",232,201604,19,24301.08,1298.88,1459203,3834.36,0,98.8,"화","N",NA,"spring"
"233",233,201604,20,23942.88,1244.16,1438489,3626.28,0,98.86,"수","N",NA,"spring"
"234",234,201604,21,24540.84,1297.44,1480333,3759.48,0,98.9,"목","N",NA,"spring"
"235",235,201604,22,24053.4,1372.32,1453367,3673.44,0,98.84,"금","N",NA,"spring"
"236",236,201604,23,21764.16,1152,1176169,3466.44,0,98.77,"토","N",NA,"spring"
"237",237,201604,24,20487.6,1189.44,928088,3175.2,0,98.85,"일","N",NA,"spring"
"238",238,201604,25,23883.12,1332,1443302,3860.64,0,98.69,"월","N",NA,"spring"
"239",239,201604,26,24411.24,1247.04,1480028,4008.24,0,98.57,"화","N",NA,"spring"
"240",240,201604,27,23918.04,1337.76,1439817,3840.12,0,98.74,"수","N",NA,"spring"
"241",241,201604,28,23714.64,1206.72,1424049,3936.24,0,98.68,"목","N",NA,"spring"
"242",242,201604,29,23764.68,1172.16,1432124,4028.4,0,98.57,"금","N",NA,"spring"
"243",243,201604,30,20287.8,995.04,1095578,3230.28,0,98.76,"토","N",NA,"spring"
"244",244,201605,1,20030.76,1156.32,907393,3341.52,0,98.67,"일","N",NA,"spring"
"245",245,201605,2,23458.68,1159.2,1411301,3907.08,0,98.63,"월","N",NA,"spring"
"246",246,201605,3,24308.28,1290.24,1472223,3967.92,0,98.81,"화","N",NA,"spring"
"247",247,201605,4,22501.44,1131.84,1360575,3534.48,0,98.76,"수","N",NA,"spring"
"248",248,201605,5,19013.04,930.24,861291,3100.68,0,98.64,"목","N",NA,"spring"
"249",249,201605,6,20104.56,984.96,1198631,3395.16,0,98.7,"금","N",NA,"spring"
"250",250,201605,7,20058.84,1075.68,1082304,3309.48,0,98.66,"토","N",NA,"spring"
"251",251,201605,8,19120.68,1008,866167,3325.68,0,98.42,"일","N",NA,"spring"
"252",252,201605,9,22597.92,1162.08,1363528,3817.08,0,98.59,"월","N",NA,"spring"
"253",253,201605,10,23836.32,1313.28,1448987,4216.68,0,98.55,"화","N",NA,"spring"
"254",254,201605,11,22727.16,1134.72,1371328,3764.16,0,98.62,"수","N",NA,"spring"
"255",255,201605,12,23613.84,1313.28,1435140,4361.4,0,98.25,"목","N",NA,"spring"
"256",256,201605,13,23303.16,1190.88,1403889,3781.08,0,98.71,"금","N",NA,"spring"
"257",257,201605,14,21142.8,1065.6,957769,3902.76,0,98.05,"토","N",NA,"spring"
"258",258,201605,15,19731.6,1033.92,893841,3153.6,0,98.67,"일","N",NA,"spring"
"259",259,201605,16,23362.92,1156.32,1405966,4267.8,0,98.36,"월","N",NA,"spring"
"260",260,201605,17,23217.84,1199.52,1406858,3912.12,0,98.53,"화","N",NA,"spring"
"261",261,201605,18,23212.44,1186.56,1404670,4032.36,0,98.42,"수","N",NA,"spring"
"262",262,201605,19,24738.84,1363.68,1503837,4858.2,0,98.11,"목","N",NA,"spring"
"263",263,201605,20,25261.92,1406.88,1552080,4991.4,0,97.88,"금","N",NA,"spring"
"264",264,201605,21,21356.64,1164.96,1160969,4065.48,0,98.05,"토","N",NA,"spring"
"265",265,201605,22,21493.08,1149.12,973637,3935.52,0,98.23,"일","N",NA,"spring"
"266",266,201605,23,27266.76,1555.2,1666410,5916.6,0,97.61,"월","N",NA,"spring"
"267",267,201605,24,25141.32,1375.2,1518614,4735.8,0,98.01,"화","N",NA,"spring"
"268",268,201605,25,26912.52,1543.68,1649659,5891.76,0,97.56,"수","N",NA,"spring"
"269",269,201605,26,25233.12,1442.88,1536000,4832.64,0,98.02,"목","N",NA,"spring"
"270",270,201605,27,25967.16,1501.92,1591752,5203.8,0,97.84,"금","N",NA,"spring"
"271",271,201605,28,23786.28,1245.6,1289611,5001.12,0,97.63,"토","N",NA,"spring"
"272",272,201605,29,22889.52,1185.12,1036895,4755.24,0,97.59,"일","N",NA,"spring"
"273",273,201605,30,27878.4,1569.6,1716177,5951.88,0,97.53,"월","N",NA,"spring"
"274",274,201605,31,29328.48,1720.8,1809160,6807.24,0,97.14,"화","N",NA,"spring"
"275",275,201606,1,29298.24,1651.68,2804371,6819.48,0,97.33,"수","N",NA,"summer"
"276",276,201606,2,28849.68,1644.48,2753715,6994.08,0,97.18,"목","N",NA,"summer"
"277",277,201606,3,29043.72,1618.56,2779770,6802.2,0,97.32,"금","N",NA,"summer"
"278",278,201606,4,23556.24,1150.56,1716442,5200.2,0,97.64,"토","N",NA,"summer"
"279",279,201606,5,23805.72,1212.48,1078399,5591.88,0,97.24,"일","N",NA,"summer"
"280",280,201606,6,24594.48,1175.04,1114130,6053.04,0,97.25,"월","N",NA,"summer"
"281",281,201606,7,29970,1595.52,2817805,7250.76,0,97.23,"화","N",NA,"summer"
"282",282,201606,8,30895.2,1653.12,2926932,7960.32,0,96.85,"수","N",NA,"summer"
"283",283,201606,9,31294.08,1703.52,2991215,7835.76,0,96.91,"목","N",NA,"summer"
"284",284,201606,10,31520.52,1728,3023831,7867.44,0,97.09,"금","N",NA,"summer"
"285",285,201606,11,27074.16,1396.8,1986420,6287.04,0,97.37,"토","N",NA,"summer"
"286",286,201606,12,26117.64,1236.96,1183129,5978.52,0,97.44,"일","N",NA,"summer"
"287",287,201606,13,31910.04,1769.76,3058552,7786.08,0,97.08,"월","N",NA,"summer"
"288",288,201606,14,31685.76,1781.28,3039595,7486.2,0,97.34,"화","N",NA,"summer"
"289",289,201606,15,30035.16,1562.4,2814086,6827.4,0,97.43,"수","N",NA,"summer"
"290",290,201606,16,30157.2,1663.2,2859231,6919.56,0,97.37,"목","N",NA,"summer"
"291",291,201606,17,30576.6,1694.88,2942162,7271.64,0,97.16,"금","N",NA,"summer"
"292",292,201606,18,27334.08,1473.12,2011535,6606,0,97.22,"토","N",NA,"summer"
"293",293,201606,19,25668.72,1281.6,1162793,5884.2,0,97.53,"일","N",NA,"summer"
"294",294,201606,20,31912.56,1769.76,3070391,7579.44,0,97.21,"월","N",NA,"summer"
"295",295,201606,21,32226.12,1779.84,3102591,7801.56,0,97.16,"화","N",NA,"summer"
"296",296,201606,22,31614.12,1808.64,3022861,7416.36,0,97.42,"수","N",NA,"summer"
"297",297,201606,23,30213.72,1769.76,2918359,6908.4,0,97.38,"목","N",NA,"summer"
"298",298,201606,24,29455.56,1595.52,2806186,6589.08,0,97.52,"금","N",NA,"summer"
"299",299,201606,25,26285.04,1376.64,1949885,6300,0,97.13,"토","N",NA,"summer"
"300",300,201606,26,24509.16,1188,1110265,6123.96,0,97.13,"일","N",NA,"summer"
"301",301,201606,27,30400.56,1618.56,2893845,7842.24,0,96.87,"월","N",NA,"summer"
"302",302,201606,28,30687.84,1725.12,2958679,7764.48,0,96.94,"화","N",NA,"summer"
"303",303,201606,29,31059.72,1700.64,2967653,7893.72,0,96.85,"수","N",NA,"summer"
"304",304,201606,30,31730.4,1703.52,3020598,8140.68,0,96.94,"목","N",NA,"summer"
"305",305,201607,1,30992.76,1686.24,2946131,7799.04,0,96.98,"금","N",NA,"summer"
"306",306,201607,2,25977.6,1477.44,1905174,6257.16,0,97.33,"토","N",NA,"summer"
"307",307,201607,3,23816.16,1163.52,1078872,5689.08,0,97.4,"일","N",NA,"summer"
"308",308,201607,4,29415.96,1596.96,2810484,7070.76,0,97.29,"월","N",NA,"summer"
"309",309,201607,5,30884.4,1694.88,2953818,7731.72,0,97.03,"화","N",NA,"summer"
"310",310,201607,6,30129.84,1674.72,2897602,7436.52,0,97,"수","N",NA,"summer"
"311",311,201607,7,30555.72,1715.04,2940389,7548.12,0,97.02,"목","N",NA,"summer"
"312",312,201607,8,32126.76,1791.36,3083999,8102.16,0,96.98,"금","N",NA,"summer"
"313",313,201607,9,29014.56,1621.44,2131946,7470.72,0,97.02,"토","N",NA,"summer"
"314",314,201607,10,23854.68,1349.28,1080617,6029.64,0,97.13,"일","N",NA,"summer"
"315",315,201607,11,34672.32,1883.52,3328670,8981.28,0,96.92,"월","N",NA,"summer"
"316",316,201607,12,34110.36,1836,3251180,8661.24,0,96.94,"화","N",NA,"summer"
"317",317,201607,13,34379.64,1801.44,3276322,9213.84,0,96.59,"수","N",NA,"summer"
"318",318,201607,14,34737.48,1872,3310063,8934.12,0,96.85,"목","N",NA,"summer"
"319",319,201607,15,32835.24,1792.8,3130802,8880.48,0,96.51,"금","N",NA,"summer"
"320",320,201607,16,25399.08,1270.08,1837658,6003.72,0,97.53,"토","N",NA,"summer"
"321",321,201607,17,27226.8,1499.04,1233374,6890.4,0,96.93,"일","N",NA,"summer"
"322",322,201607,18,31904.64,1703.52,3052334,8339.76,0,96.69,"월","N",NA,"summer"
"323",323,201607,19,32952.24,1810.08,3168218,8710.92,0,96.66,"화","N",NA,"summer"
"324",324,201607,20,33906.24,1828.8,3245533,9027,0,96.68,"수","N",NA,"summer"
"325",325,201607,21,33605.64,1964.16,3206818,8804.16,0,96.79,"목","N",NA,"summer"
"326",326,201607,22,34905.96,1945.44,3341263,9606.96,0,96.44,"금","N",NA,"summer"
"327",327,201607,23,30484.44,1656,2218904,8041.68,0,96.9,"토","N",NA,"summer"
"328",328,201607,24,28877.4,1455.84,1308146,7598.88,0,96.87,"일","N",NA,"summer"
"329",329,201607,25,36229.32,1916.64,3440616,10067.4,0,96.34,"월","N",NA,"summer"
"330",330,201607,26,36050.4,1954.08,3426240,9612,0,96.76,"화","N",NA,"summer"
"331",331,201607,27,35681.04,1883.52,3384895,9498.96,0,96.65,"수","N",NA,"summer"
"332",332,201607,28,37006.2,1978.56,3533168,9949.68,0,96.63,"목","N",NA,"summer"
"333",333,201607,29,37301.04,2102.4,3579961,10195.56,0,96.51,"금","N",NA,"summer"
"334",334,201607,30,31113.72,1663.2,2265610,7983.36,0,97,"토","N",NA,"summer"
"335",335,201607,31,30432.96,1526.4,1378613,8052.84,0,96.76,"일","N",NA,"summer"
"336",336,201608,1,37446.12,2075.04,3604708,10229.4,0,96.5,"월","N",NA,"summer"
"337",337,201608,2,36932.4,1990.08,3521614,9850.32,0,96.64,"화","N",NA,"summer"
"338",338,201608,3,37105.92,1984.32,3537627,10094.4,0,96.57,"수","N",NA,"summer"
"339",339,201608,4,37524.96,2016,3578580,9972,0,96.76,"목","N",NA,"summer"
"340",340,201608,5,37733.76,1988.64,3575667,10368,0,96.51,"금","N",NA,"summer"
"341",341,201608,6,31661.64,1715.04,2307376,8179.92,0,97.09,"토","N",NA,"summer"
"342",342,201608,7,28432.08,1311.84,1287973,6909.12,0,97.43,"일","N",NA,"summer"
"343",343,201608,8,35856.72,1949.76,3432643,8790.12,0,97.17,"월","N",NA,"summer"
"344",344,201608,9,35273.52,1916.64,3370563,8547.84,0,97.24,"화","N",NA,"summer"
"345",345,201608,10,35416.08,1899.36,3375619,8542.44,0,97.19,"수","N",NA,"summer"
"346",346,201608,11,35575.92,1951.2,3398912,8440.56,0,97.31,"목","N",NA,"summer"
"347",347,201608,12,35534.16,1938.24,3413365,8530.92,0,97.16,"금","N",NA,"summer"
"348",348,201608,13,29912.04,1634.4,2184928,6771.6,0,97.66,"토","N",NA,"summer"
"349",349,201608,14,27356.04,1313.28,1239229,6105.24,0,97.73,"일","N",NA,"summer"
"350",350,201608,15,28736.64,1365.12,1301770,6409.08,0,97.71,"월","N",NA,"summer"
"351",351,201608,16,35520.12,1889.28,3409021,8370.72,0,97.39,"화","N",NA,"summer"
"352",352,201608,17,36151.2,2049.12,3480625,9140.04,0,96.94,"수","N",NA,"summer"
"353",353,201608,18,35780.04,2040.48,3459748,8839.44,0,97.1,"목","N",NA,"summer"
"354",354,201608,19,35600.04,1991.52,3437654,8820.72,0,97.09,"금","N",NA,"summer"
"355",355,201608,20,31565.88,1679.04,2354194,7695.72,0,97.03,"토","N",NA,"summer"
"356",356,201608,21,29091.6,1445.76,1317849,6688.08,0,97.51,"일","N",NA,"summer"
"357",357,201608,22,32450.04,1732.32,3092027,6768,0,97.82,"월","N",NA,"summer"
"358",358,201608,23,32159.88,1870.56,3118120,6885.36,0,97.68,"화","N",NA,"summer"
"359",359,201608,24,31884.84,1857.6,3067262,6843.6,0,97.69,"수","N",NA,"summer"
"360",360,201608,25,31961.52,1740.96,3074815,6727.32,0,97.83,"목","N",NA,"summer"
"361",361,201608,26,28784.88,1637.28,2731258,6307.56,0,97.52,"금","N",NA,"summer"
"362",362,201608,27,22939.92,1196.64,1679592,4673.52,0,98.03,"토","N",NA,"summer"
"363",363,201608,28,23753.16,1212.48,1076018,5665.32,0,97,"일","N",NA,"summer"
"364",364,201608,29,30201.84,1631.52,2893672,7836.48,0,96.86,"월","N",NA,"summer"
"365",365,201608,30,29631.96,1578.24,2801565,7883.28,0,96.77,"화","N",NA,"summer"
"366",366,201608,31,27543.96,1519.2,2584083,6844.68,0,97.15,"수","N",NA,"summer"
"367",367,201609,1,31985.64,1859.04,1973643,8468.28,0,96.63,"목","N",NA,"fall"
"368",368,201609,2,32294.88,1831.68,1992541,8127,0,97,"금","N",NA,"fall"
"369",369,201609,3,26895.6,1450.08,1464118,6517.08,0,97.19,"토","N",NA,"fall"
"370",370,201609,4,27300.6,1373.76,1236717,6561.72,0,97.24,"일","N",NA,"fall"
"371",371,201609,5,35041.32,1908,2148521,8930.16,0,96.88,"월","N",NA,"fall"
"372",372,201609,6,35805.96,2060.64,2214308,9383.4,0,96.62,"화","N",NA,"fall"
"373",373,201609,7,35325.36,1974.24,2179598,9233.64,0,96.65,"수","N",NA,"fall"
"374",374,201609,8,34453.8,1945.44,2122713,8791.2,0,96.88,"목","N",NA,"fall"
"375",375,201609,9,32196.96,1825.92,1971142,7990.2,0,96.97,"금","N",NA,"fall"
"376",376,201609,10,27398.16,1509.12,1491674,6566.76,0,97.25,"토","N",NA,"fall"
"377",377,201609,11,26025.84,1252.8,1178971,6024.6,0,97.5,"일","N",NA,"fall"
"378",378,201609,12,32216.76,1759.68,1974825,7723.44,0,97.21,"월","N",NA,"fall"
"379",379,201609,13,31302.36,1775.52,1928704,7795.08,0,96.9,"화","N",NA,"fall"
"380",380,201609,14,23123.88,1177.92,1047512,5533.56,0,97.34,"수","N",NA,"fall"
"381",381,201609,15,21260.16,1026.72,963085,4964.76,0,97.25,"목","N",NA,"fall"
"382",382,201609,16,21781.44,1107.36,986699,5092.92,0,97.31,"금","N",NA,"fall"
"383",383,201609,17,23985.36,1150.56,1302367,5607.72,0,97.43,"토","N",NA,"fall"
"384",384,201609,18,24498,1216.8,1109759,5919.48,0,97.29,"일","N",NA,"fall"
"385",385,201609,19,30488.4,1687.68,1872611,7603.56,0,97.07,"월","N",NA,"fall"
"386",386,201609,20,29945.16,1654.56,1840263,6997.68,0,97.43,"화","N",NA,"fall"
"387",387,201609,21,27903.24,1560.96,1714149,6507,0,97.31,"수","N",NA,"fall"
"388",388,201609,22,28361.16,1556.64,1742862,6481.44,0,97.4,"목","N",NA,"fall"
"389",389,201609,23,28117.08,1546.56,1724646,6468.48,0,97.33,"금","N",NA,"fall"
"390",390,201609,24,25311.6,1334.88,1380321,5780.16,0,97.43,"토","N",NA,"fall"
"391",391,201609,25,24265.8,1213.92,1099241,5289.48,0,97.72,"일","N",NA,"fall"
"392",392,201609,26,30530.52,1715.04,1874930,7047.36,0,97.37,"월","N",NA,"fall"
"393",393,201609,27,29707.92,1523.52,1803255,6503.76,0,97.72,"화","N",NA,"fall"
"394",394,201609,28,28778.04,1589.76,1747186,5822.64,0,98.18,"수","N",NA,"fall"
"395",395,201609,29,26712.72,1411.2,1627954,5003.28,0,98.21,"목","N",NA,"fall"
"396",396,201609,30,25739.64,1404,1572106,4704.12,0,98.33,"금","N",NA,"fall"
"397",397,201610,1,22089.96,1200.96,1199046,3893.4,0,98.49,"토","N",NA,"fall"
"398",398,201610,2,20900.52,1022.4,946794,3470.4,0,98.69,"일","N",NA,"fall"
"399",399,201610,3,22545,1131.84,1021288,3720.24,0,98.67,"월","N",NA,"fall"
"400",400,201610,4,26849.52,1450.08,1642845,4915.44,0,98.34,"화","N",NA,"fall"
"401",401,201610,5,26629.56,1441.44,1626788,4885.92,0,98.28,"수","N",NA,"fall"
"402",402,201610,6,25580.88,1385.28,1557716,4520.88,0,98.47,"목","N",NA,"fall"
"403",403,201610,7,25019.28,1313.28,1525980,4347,0,98.48,"금","N",NA,"fall"
"404",404,201610,8,22545.72,1114.56,1224819,3863.16,0,98.52,"토","N",NA,"fall"
"405",405,201610,9,19639.8,1071.36,889683,2856.96,0,99.04,"일","N",NA,"fall"
"406",406,201610,10,22897.08,1152,1388063,3345.84,0,98.93,"월","N",NA,"fall"
"407",407,201610,11,23170.68,1180.8,1410708,3366,0,98.9,"화","N",NA,"fall"
"408",408,201610,12,23452.92,1188,1424347,3657.24,0,98.74,"수","N",NA,"fall"
"409",409,201610,13,23645.16,1235.52,1437047,3445.56,0,98.9,"목","N",NA,"fall"
"410",410,201610,14,23240.88,1226.88,1414235,3357,0,98.88,"금","N",NA,"fall"
"411",411,201610,15,21453.12,1051.2,1165858,2925.72,0,99.08,"토","N",NA,"fall"
"412",412,201610,16,20134.44,1018.08,912090,2944.8,0,98.98,"일","N",NA,"fall"
"413",413,201610,17,24921,1251.36,1508186,4201.92,0,98.64,"월","N",NA,"fall"
"414",414,201610,18,23933.88,1247.04,1454041,3801.24,0,98.71,"화","N",NA,"fall"
"415",415,201610,19,23933.52,1235.52,1452668,3855.96,0,98.63,"수","N",NA,"fall"
"416",416,201610,20,24508.44,1262.88,1480545,4394.16,0,98.43,"목","N",NA,"fall"
"417",417,201610,21,23406.48,1202.4,1416482,3763.44,0,98.79,"금","N",NA,"fall"
"418",418,201610,22,19393.2,959.04,1050916,2714.04,0,99.15,"토","N",NA,"fall"
"419",419,201610,23,19217.52,1087.2,870554,2486.52,0,99.2,"일","N",NA,"fall"
"420",420,201610,24,23430.24,1225.44,1411713,3633.12,0,98.86,"월","N",NA,"fall"
"421",421,201610,25,24123.96,1222.56,1457977,3777.12,0,98.81,"화","N",NA,"fall"
"422",422,201610,26,24032.88,1265.76,1449692,3833.64,0,98.79,"수","N",NA,"fall"
"423",423,201610,27,23778.36,1212.48,1430913,3809.16,0,98.77,"목","N",NA,"fall"
"424",424,201610,28,23320.8,1222.56,1406601,3674.52,0,98.73,"금","N",NA,"fall"
"425",425,201610,29,20707.92,1035.36,1120426,3384.36,0,98.75,"토","N",NA,"fall"
"426",426,201610,30,19918.44,1092.96,902305,3082.68,0,98.97,"일","N",NA,"fall"
"427",427,201610,31,25438.68,1444.32,1531343,4086.72,0,98.82,"월","N",NA,"fall"
"428",428,201611,1,27648.72,1473.12,2361167,4726.8,0,98.69,"화","N",NA,"fall"
"429",429,201611,2,27257.4,1392.48,2316989,4377.24,0,98.9,"수","N",NA,"fall"
"430",430,201611,3,26410.68,1350.72,2253495,4007.16,0,98.92,"목","N",NA,"fall"
"431",431,201611,4,25178.4,1396.8,2142684,3827.16,0,98.82,"금","N",NA,"fall"
"432",432,201611,5,21021.12,1028.16,1541184,2993.76,0,99.03,"토","N",NA,"fall"
"433",433,201611,6,20672.64,1164.96,1019161,2997,0,98.96,"일","N",NA,"fall"
"434",434,201611,7,25521.84,1320.48,2181884,3818.52,0,99,"월","N",NA,"fall"
"435",435,201611,8,27117,1454.4,2331522,4623.84,0,98.63,"화","N",NA,"fall"
"436",436,201611,9,27933.84,1513.44,2390316,4709.52,0,98.71,"수","N",NA,"fall"
"437",437,201611,10,28244.16,1612.8,2416028,4633.92,0,98.64,"목","N",NA,"fall"
"438",438,201611,11,26494.56,1553.76,2241971,4117.32,0,98.95,"금","N",NA,"fall"
"439",439,201611,12,21541.32,1228.32,1570090,3155.4,0,99.05,"토","N",NA,"fall"
"440",440,201611,13,21032.28,1284.48,1036891,2904.48,0,99.08,"일","N",NA,"fall"
"441",441,201611,14,26635.32,1545.12,2272853,4176.36,0,98.85,"월","N",NA,"fall"
"442",442,201611,15,26939.88,1401.12,2305512,4489.92,0,98.68,"화","N",NA,"fall"
"443",443,201611,16,27309.24,1480.32,2345908,4436.64,0,98.66,"수","N",NA,"fall"
"444",444,201611,17,26730,1434.24,2278544,4155.12,0,98.81,"목","N",NA,"fall"
"445",445,201611,18,26298,1450.08,2218710,4359.6,0,98.66,"금","N",NA,"fall"
"446",446,201611,19,21654.72,1241.28,1585657,3088.8,0,99.05,"토","N",NA,"fall"
"447",447,201611,20,20922.84,1141.92,1031496,2998.08,0,99.06,"일","N",NA,"fall"
"448",448,201611,21,26718.48,1520.64,2291128,4475.88,0,98.69,"월","N",NA,"fall"
"449",449,201611,22,29757.24,1752.48,2581263,5558.76,0,98.23,"화","N",NA,"fall"
"450",450,201611,23,29928.96,1620,2564529,5528.88,0,98.34,"수","N",NA,"fall"
"451",451,201611,24,31374,1748.16,2652297,5916.24,0,98.49,"목","N",NA,"fall"
"452",452,201611,25,30233.52,1553.76,2553627,5550.12,0,98.51,"금","N",NA,"fall"
"453",453,201611,26,26445.96,1416.96,1938120,4568.4,0,98.71,"토","N",NA,"fall"
"454",454,201611,27,24891.84,1393.92,1227168,3763.8,0,98.95,"일","N",NA,"fall"
"455",455,201611,28,31509,1638.72,2696149,5465.52,0,98.55,"월","N",NA,"fall"
"456",456,201611,29,31180.32,1676.16,2648994,5301.36,0,98.76,"화","N",NA,"fall"
"457",457,201611,30,30447,1699.2,2589262,5301.36,0,98.56,"수","N",NA,"fall"
"458",458,201612,1,30822.48,1699.2,2644419,5463,0,98.47,"목","N",NA,"winter"
"459",459,201612,2,31476.24,1769.76,2684233,5902.56,0,98.3,"금","N",NA,"winter"
"460",460,201612,3,27639.72,1501.92,2041849,4976.64,0,98.43,"토","N",NA,"winter"
"461",461,201612,4,26693.28,1464.48,1315979,4625.28,0,98.45,"일","N",NA,"winter"
"462",462,201612,5,31484.88,1604.16,2670448,5827.32,0,98.33,"월","N",NA,"winter"
"463",463,201612,6,31821.12,1710.72,2702424,6038.64,0,98.45,"화","N",NA,"winter"
"464",464,201612,7,31680.72,1683.36,2693569,6126.48,0,98.19,"수","N",NA,"winter"
"465",465,201612,8,30873.24,1658.88,2621943,6100.92,0,98.26,"목","N",NA,"winter"
"466",466,201612,9,30479.76,1596.96,2617818,5558.4,0,98.38,"금","N",NA,"winter"
"467",467,201612,10,27350.28,1484.64,1985653,5089.68,0,98.61,"토","N",NA,"winter"
"468",468,201612,11,26301.24,1369.44,1296651,4979.16,0,98.42,"일","N",NA,"winter"
"469",469,201612,12,31071.6,1733.76,2638081,5681.16,0,98.51,"월","N",NA,"winter"
"470",470,201612,13,30897.72,1641.6,2645562,5538.24,0,98.46,"화","N",NA,"winter"
"471",471,201612,14,33042.24,1840.32,2816665,6185.88,0,98.4,"수","N",NA,"winter"
"472",472,201612,15,33536.16,1726.56,2842264,6444,0,98.4,"목","N",NA,"winter"
"473",473,201612,16,33869.16,1774.08,2863631,6444.72,0,98.31,"금","N",NA,"winter"
"474",474,201612,17,27658.44,1416.96,2008818,5071.32,0,98.56,"토","N",NA,"winter"
"475",475,201612,18,25044.48,1320.48,1234693,4195.08,0,98.65,"일","N",NA,"winter"
"476",476,201612,19,30489.12,1716.48,2593145,5365.08,0,98.51,"월","N",NA,"winter"
"477",477,201612,20,29839.68,1573.92,2552874,5330.88,0,98.47,"화","N",NA,"winter"
"478",478,201612,21,30083.4,1645.92,2555697,5561.64,0,98.32,"수","N",NA,"winter"
"479",479,201612,22,28818.36,1586.88,2461633,5181.48,0,98.44,"목","N",NA,"winter"
"480",480,201612,23,29152.8,1588.32,2502388,5635.8,0,98.26,"금","N",NA,"winter"
"481",481,201612,24,25916.04,1347.84,1904967,5346.72,0,98.04,"토","N",NA,"winter"
"482",482,201612,25,23578.92,1247.04,1162441,4367.52,0,98.51,"일","N",NA,"winter"
"483",483,201612,26,28938.24,1651.68,2479664,5176.8,0,98.48,"월","N",NA,"winter"
"484",484,201612,27,29913.48,1559.52,2541852,5663.88,0,98.4,"화","N",NA,"winter"
"485",485,201612,28,30949.2,1637.28,2608515,6040.44,0,98.31,"수","N",NA,"winter"
"486",486,201612,29,30792.6,1670.4,2612849,6072.84,0,98.31,"목","N",NA,"winter"
"487",487,201612,30,30095.64,1568.16,2539051,6010.56,0,98.34,"금","N",NA,"winter"
"488",488,201612,31,24288.12,1307.52,1751597,4572,0,98.56,"토","N",NA,"winter"
"489",489,201701,1,21888.72,1121.76,1079114,3971.16,0,98.65,"일","Y","신정","winter"
"490",490,201701,2,27814.68,1571.04,2394508,5411.88,0,98.23,"월","N",NA,"winter"
"491",491,201701,3,29511.72,1628.64,2520916,5618.16,0,98.46,"화","N",NA,"winter"
"492",492,201701,4,28887.12,1579.68,2465124,5368.32,0,98.35,"수","N",NA,"winter"
"493",493,201701,5,28725.84,1594.08,2452452,5313.6,0,98.42,"목","N",NA,"winter"
"494",494,201701,6,27584.64,1493.28,2333642,5123.52,0,98.33,"금","N",NA,"winter"
"495",495,201701,7,22695.84,1222.56,1654357,3853.44,0,98.81,"토","N",NA,"winter"
"496",496,201701,8,21539.16,1169.28,1061881,3490.56,0,98.85,"일","N",NA,"winter"
"497",497,201701,9,28488.6,1558.08,2432606,5523.48,0,98.23,"월","N",NA,"winter"
"498",498,201701,10,30297.24,1581.12,2578542,6180.12,0,98.26,"화","N",NA,"winter"
"499",499,201701,11,31717.44,1680.48,2695757,6232.32,0,98.34,"수","N",NA,"winter"
"500",500,201701,12,31531.32,1599.84,2689725,6045.12,0,98.35,"목","N",NA,"winter"
"501",501,201701,13,31544.28,1632.96,2668036,6325.56,0,98.18,"금","N",NA,"winter"
"502",502,201701,14,28717.2,1444.32,2098468,5897.52,0,98.24,"토","N",NA,"winter"
"503",503,201701,15,27371.88,1427.04,1349434,5585.04,0,98.21,"일","N",NA,"winter"
"504",504,201701,16,32135.76,1742.4,2727901,6288.84,0,98.42,"월","N",NA,"winter"
"505",505,201701,17,33037.92,1861.92,2822797,6875.28,0,98,"화","N",NA,"winter"
"506",506,201701,18,32964.48,1866.24,2791308,6834.96,0,98.1,"수","N",NA,"winter"
"507",507,201701,19,30846.24,1608.48,2637296,6189.48,0,98.24,"목","N",NA,"winter"
"508",508,201701,20,32270.04,1703.52,2750009,6473.52,0,98.12,"금","N",NA,"winter"
"509",509,201701,21,28935,1432.8,2123840,6122.52,0,97.88,"토","N",NA,"winter"
"510",510,201701,22,27694.08,1450.08,1365318,6100.56,0,97.82,"일","N",NA,"winter"
"511",511,201701,23,32506.92,1758.24,2748203,6348.24,0,98.42,"월","N",NA,"winter"
"512",512,201701,24,32083.92,1795.68,2713949,6302.16,0,98.36,"화","N",NA,"winter"
"513",513,201701,25,30974.04,1621.44,2622678,6036.12,0,98.32,"수","N",NA,"winter"
"514",514,201701,26,29365.2,1643.04,2457450,5689.8,0,98.42,"목","N",NA,"winter"
"515",515,201701,27,21699.36,1084.32,1069778,4394.88,0,98.15,"금","Y","설날","winter"
"516",516,201701,28,20253.24,1026.72,998485,4099.32,0,98.28,"토","Y","설날","winter"
"517",517,201701,29,20500.92,1088.64,1010695,3945.6,0,98.24,"일","Y","설날","winter"
"518",518,201701,30,23145.48,1176.48,1141072,4697.28,0,98.25,"월","Y","대체공휴일","winter"
"519",519,201701,31,30558.24,1640.16,2608042,5967,0,98.42,"화","N",NA,"winter"
"520",520,201702,1,31760.64,1681.92,2707452,6055.2,0,98.49,"수","N",NA,"winter"
"521",521,201702,2,31509.72,1683.36,2662257,6068.88,0,98.4,"목","N",NA,"winter"
"522",522,201702,3,29799.36,1660.32,2524825,5760,0,98.36,"금","N",NA,"winter"
"523",523,201702,4,24865.56,1303.2,1812381,4442.76,0,98.69,"토","N",NA,"winter"
"524",524,201702,5,23206.32,1232.64,1144072,4020.84,0,98.76,"일","N",NA,"winter"
"525",525,201702,6,29682,1533.6,2526214,5708.16,0,98.43,"월","N",NA,"winter"
"526",526,201702,7,30906.36,1690.56,2634418,5897.52,0,98.44,"화","N",NA,"winter"
"527",527,201702,8,30602.88,1653.12,2607890,5872.68,0,98.39,"수","N",NA,"winter"
"528",528,201702,9,31008.24,1664.64,2642192,6001.56,0,98.4,"목","N",NA,"winter"
"529",529,201702,10,31528.8,1766.88,2680258,6394.32,0,98.27,"금","N",NA,"winter"
"530",530,201702,11,28186.2,1491.84,2068198,5861.16,0,98.17,"토","N",NA,"winter"
"531",531,201702,12,24043.68,1242.72,1185353,4546.44,0,98.65,"일","N",NA,"winter"
"532",532,201702,13,29340,1602.72,2508530,5660.28,0,98.35,"월","N",NA,"winter"
"533",533,201702,14,29276.28,1666.08,2486779,5592.24,0,98.38,"화","N",NA,"winter"
"534",534,201702,15,28983.96,1673.28,2461438,5556.24,0,98.36,"수","N",NA,"winter"
"535",535,201702,16,27495,1512,2332856,5046.84,0,98.39,"목","N",NA,"winter"
"536",536,201702,17,27408.24,1517.76,2349819,5091.12,0,98.26,"금","N",NA,"winter"
"537",537,201702,18,26160.48,1434.24,1919770,5149.08,0,98.2,"토","N",NA,"winter"
"538",538,201702,19,25593.12,1401.12,1261741,5007.6,0,98.27,"일","N",NA,"winter"
"539",539,201702,20,29514.96,1628.64,2537798,5675.4,0,98.26,"월","N",NA,"winter"
"540",540,201702,21,29510.28,1618.56,2510664,5702.4,0,98.41,"화","N",NA,"winter"
"541",541,201702,22,29725.56,1625.76,2533177,5652.72,0,98.34,"수","N",NA,"winter"
"542",542,201702,23,30296.16,1733.76,2594673,5872.68,0,98.22,"목","N",NA,"winter"
"543",543,201702,24,30190.32,1658.88,2574870,5341.68,0,98.57,"금","N",NA,"winter"
"544",544,201702,25,27107.28,1640.16,1961367,4622.4,0,98.76,"토","N",NA,"winter"
"545",545,201702,26,23407.2,1219.68,1153975,3246.84,0,99.13,"일","N",NA,"winter"
"546",546,201702,27,29729.88,1673.28,2539385,4868.64,0,98.72,"월","N",NA,"winter"
"547",547,201702,28,30279.24,1864.8,2578540,5262.84,0,98.57,"화","N",NA,"winter"
"548",548,201703,1,24867,1346.4,1126475,3735.36,0,99.02,"수","Y","삼일절","spring"
"549",549,201703,2,30567.6,1676.16,1845684,5150.16,0,98.71,"목","N",NA,"spring"
"550",550,201703,3,30754.08,1673.28,1846364,5314.68,0,98.63,"금","N",NA,"spring"
"551",551,201703,4,27103.32,1440,1460490,4227.84,0,98.94,"토","N",NA,"spring"
"552",552,201703,5,27488.88,1552.32,1245246,4302.36,0,98.7,"일","N",NA,"spring"
"553",553,201703,6,32832,1743.84,1974137,5724.36,0,98.57,"월","N",NA,"spring"
"554",554,201703,7,33614.64,1673.28,2013531,5789.16,0,98.78,"화","N",NA,"spring"
"555",555,201703,8,33492.96,1720.8,2005147,5976.36,0,98.59,"수","N",NA,"spring"
"556",556,201703,9,32546.88,1702.08,1959810,5684.4,0,98.65,"목","N",NA,"spring"
"557",557,201703,10,30427.2,1653.12,1830894,5154.84,0,98.67,"금","N",NA,"spring"
"558",558,201703,11,25378.56,1399.68,1368185,4116.96,0,98.82,"토","N",NA,"spring"
"559",559,201703,12,24118.2,1326.24,1092554,3492.72,0,99.05,"일","N",NA,"spring"
"560",560,201703,13,29896.92,1641.6,1798548,4993.2,0,98.68,"월","N",NA,"spring"
"561",561,201703,14,29345.76,1598.4,1768214,4800.96,0,98.72,"화","N",NA,"spring"
"562",562,201703,15,29727.36,1605.6,1790019,4949.64,0,98.69,"수","N",NA,"spring"
"563",563,201703,16,29641.32,1625.76,1783624,4883.4,0,98.72,"목","N",NA,"spring"
"564",564,201703,17,29482.92,1573.92,1772261,4646.16,0,98.83,"금","N",NA,"spring"
"565",565,201703,18,26123.4,1346.4,1414031,4278.6,0,98.62,"토","N",NA,"spring"
"566",566,201703,19,23765.4,1247.04,1076573,3246.12,0,99.18,"일","N",NA,"spring"
"567",567,201703,20,28798.56,1501.92,1740373,4595.76,0,98.68,"월","N",NA,"spring"
"568",568,201703,21,29486.16,1565.28,1778159,4762.8,0,98.75,"화","N",NA,"spring"
"569",569,201703,22,29329.92,1533.6,1761458,4698,0,98.81,"수","N",NA,"spring"
"570",570,201703,23,28518.48,1595.52,1715619,4609.8,0,98.75,"목","N",NA,"spring"
"571",571,201703,24,27812.52,1474.56,1674278,4452.84,0,98.75,"금","N",NA,"spring"
"572",572,201703,25,24681.24,1290.24,1334653,4063.32,0,98.71,"토","N",NA,"spring"
"573",573,201703,26,23900.4,1314.72,1082688,3619.44,0,98.86,"일","N",NA,"spring"
"574",574,201703,27,29307.6,1536.48,1765210,5178.24,0,98.56,"월","N",NA,"spring"
"575",575,201703,28,29195.64,1509.12,1750605,5123.16,0,98.61,"화","N",NA,"spring"
"576",576,201703,29,28483.92,1509.12,1711786,4796.64,0,98.65,"수","N",NA,"spring"
"577",577,201703,30,27617.04,1507.68,1660327,4676.76,0,98.59,"목","N",NA,"spring"
"578",578,201703,31,27287.28,1545.12,1654713,4601.16,0,98.62,"금","N",NA,"spring"
"579",579,201704,1,23697.72,1247.04,1279249,3688.92,0,98.97,"토","N",NA,"spring"
"580",580,201704,2,23054.04,1226.88,1044348,3453.12,0,99.01,"일","N",NA,"spring"
"581",581,201704,3,27445.68,1476,1647050,4393.8,0,98.8,"월","N",NA,"spring"
"582",582,201704,4,27987.48,1491.84,1690774,4566.6,0,98.73,"화","N",NA,"spring"
"583",583,201704,5,27334.8,1416.96,1653834,4268.16,0,98.87,"수","N",NA,"spring"
"584",584,201704,6,28577.16,1611.36,1724801,4641.48,0,98.76,"목","N",NA,"spring"
"585",585,201704,7,26876.16,1414.08,1622950,4079.52,0,98.94,"금","N",NA,"spring"
"586",586,201704,8,24254.28,1346.4,1309635,3899.88,0,98.81,"토","N",NA,"spring"
"587",587,201704,9,22627.44,1192.32,1025023,3277.44,0,99.04,"일","N",NA,"spring"
"588",588,201704,10,25719.48,1333.44,1546972,3783.96,0,99.01,"월","N",NA,"spring"
"589",589,201704,11,25849.8,1317.6,1558502,3668.4,0,99.06,"화","N",NA,"spring"
"590",590,201704,12,26308.8,1428.48,1580814,3981.24,0,98.99,"수","N",NA,"spring"
"591",591,201704,13,25828.2,1409.76,1555952,3825,0,99,"목","N",NA,"spring"
"592",592,201704,14,25817.76,1389.6,1562473,3903.48,0,98.96,"금","N",NA,"spring"
"593",593,201704,15,22205.16,1139.04,1198977,3206.16,0,98.93,"토","N",NA,"spring"
"594",594,201704,16,21768.48,1164.96,986112,3184.2,0,98.96,"일","N",NA,"spring"
"595",595,201704,17,25535.52,1320.48,1535218,3678.48,0,99.07,"월","N",NA,"spring"
"596",596,201704,18,26419.32,1444.32,1593895,3817.8,0,99.02,"화","N",NA,"spring"
"597",597,201704,19,25372.08,1308.96,1524866,3650.76,0,98.96,"수","N",NA,"spring"
"598",598,201704,20,25410.24,1291.68,1529012,3660.84,0,99.04,"목","N",NA,"spring"
"599",599,201704,21,24819.12,1304.64,1495493,3529.8,0,99.01,"금","N",NA,"spring"
"600",600,201704,22,21644.64,1200.96,1168733,3225.6,0,99.05,"토","N",NA,"spring"
"601",601,201704,23,21839.4,1182.24,989325,3223.8,0,98.92,"일","N",NA,"spring"
"602",602,201704,24,24699.6,1336.32,1484157,3607.56,0,99.05,"월","N",NA,"spring"
"603",603,201704,25,24317.64,1261.44,1465105,3358.44,0,99.11,"화","N",NA,"spring"
"604",604,201704,26,24414.84,1350.72,1473083,3402.72,0,99.08,"수","N",NA,"spring"
"605",605,201704,27,24483.96,1342.08,1471676,3348,0,99.1,"목","N",NA,"spring"
"606",606,201704,28,23736.24,1190.88,1429355,3403.8,0,98.97,"금","N",NA,"spring"
"607",607,201704,29,20701.44,1022.4,1119309,2913.84,0,99.07,"토","N",NA,"spring"
"608",608,201704,30,20516.04,1035.36,929377,2795.04,0,99.05,"일","N",NA,"spring"
"609",609,201705,1,24453,1271.52,1465442,3562.2,0,98.96,"월","N",NA,"spring"
"610",610,201705,2,25017.48,1247.04,1507523,3930.48,0,98.85,"화","N",NA,"spring"
"611",611,201705,3,22005.72,1068.48,996859,3457.8,0,98.87,"수","Y","석가탄신일","spring"
"612",612,201705,4,24904.44,1275.84,1514869,3951.72,0,98.74,"목","N",NA,"spring"
"613",613,201705,5,20890.8,1008,946353,3297.24,0,98.74,"금","Y","어린이날","spring"
"614",614,201705,6,20027.16,943.2,1080967,2851.92,0,98.98,"토","N",NA,"spring"
"615",615,201705,7,19717.56,990.72,893205,2918.52,0,98.86,"일","N",NA,"spring"
"616",616,201705,8,23351.04,1156.32,1407880,3431.52,0,98.95,"월","N",NA,"spring"
"617",617,201705,9,20652.12,1051.2,1232201,3044.52,0,98.85,"화","Y","대통령선거일","spring"
"618",618,201705,10,26750.16,1375.2,1622397,4476.96,0,98.54,"수","N",NA,"spring"
"619",619,201705,11,26184.24,1339.2,1583822,4291.2,0,98.68,"목","N",NA,"spring"
"620",620,201705,12,26411.4,1435.68,1599245,4451.4,0,98.57,"금","N",NA,"spring"
"621",621,201705,13,23170.32,1107.36,1254684,3726.72,0,98.73,"토","N",NA,"spring"
"622",622,201705,14,21911.04,1095.84,992570,3348,0,98.87,"일","N",NA,"spring"
"623",623,201705,15,25688.88,1281.6,1545484,4249.44,0,98.77,"월","N",NA,"spring"
"624",624,201705,16,25710.48,1285.92,1548973,4030.2,0,98.81,"화","N",NA,"spring"
"625",625,201705,17,25560.36,1268.64,1539239,4015.08,0,98.76,"수","N",NA,"spring"
"626",626,201705,18,25753.68,1297.44,1554184,4256.28,0,98.73,"목","N",NA,"spring"
"627",627,201705,19,25984.08,1376.64,1578809,4219.2,0,98.62,"금","N",NA,"spring"
"628",628,201705,20,22466.16,1124.64,1218001,3737.16,0,98.59,"토","N",NA,"spring"
"629",629,201705,21,24289.56,1342.08,1100317,4328.28,0,98.43,"일","N",NA,"spring"
"630",630,201705,22,27651.24,1596.96,1685870,4824.72,0,98.44,"월","N",NA,"spring"
"631",631,201705,23,27808.2,1440,1687229,5161.32,0,98.39,"화","N",NA,"spring"
"632",632,201705,24,28710,1549.44,1747432,5634.72,0,97.92,"수","N",NA,"spring"
"633",633,201705,25,27257.76,1483.2,1656955,5346,0,98.04,"목","N",NA,"spring"
"634",634,201705,26,25422.12,1388.16,1541310,4390.92,0,98.38,"금","N",NA,"spring"
"635",635,201705,27,24044.4,1144.8,1299531,4240.08,0,98.15,"토","N",NA,"spring"
"636",636,201705,28,23337,1211.04,1057166,4245.12,0,98.13,"일","N",NA,"spring"
"637",637,201705,29,30372.12,1706.4,1855461,6450.12,0,97.59,"월","N",NA,"spring"
"638",638,201705,30,30448.08,1864.8,1883109,6132.24,0,97.78,"화","N",NA,"spring"
"639",639,201705,31,30867.84,1866.24,1908979,6513.12,0,97.51,"수","N",NA,"spring"
"640",640,201706,1,32801.4,1931.04,3168690,7686.36,0,97.23,"목","N",NA,"summer"
"641",641,201706,2,30949.2,1778.4,2982125,6885.36,0,97.42,"금","N",NA,"summer"
"642",642,201706,3,26913.24,1454.4,2009239,5672.52,0,97.42,"토","N",NA,"summer"
"643",643,201706,4,25723.08,1415.52,1165256,5353.56,0,97.46,"일","N",NA,"summer"
"644",644,201706,5,30659.04,1764,2969603,6831.72,0,97.17,"월","N",NA,"summer"
"645",645,201706,6,25914.96,1236.96,1173948,5875.92,0,97.75,"화","Y","현충일","summer"
"646",646,201706,7,29657.88,1477.44,2749575,6251.76,0,97.89,"수","N",NA,"summer"
"647",647,201706,8,31167,1791.36,2957537,7286.76,0,97.33,"목","N",NA,"summer"
"648",648,201706,9,32984.28,1872,3159302,7877.52,0,97.06,"금","N",NA,"summer"
"649",649,201706,10,28734.12,1473.12,2115734,6705.36,0,97.27,"토","N",NA,"summer"
"650",650,201706,11,27613.44,1425.6,1250889,6884.64,0,96.84,"일","N",NA,"summer"
"651",651,201706,12,31709.52,1743.84,2990310,7336.08,0,97.3,"월","N",NA,"summer"
"652",652,201706,13,32214.6,1789.92,3068606,7713.72,0,97.15,"화","N",NA,"summer"
"653",653,201706,14,32897.88,1817.28,3139152,7806.96,0,97.14,"수","N",NA,"summer"
"654",654,201706,15,33771.6,1896.48,3241487,8101.8,0,97.06,"목","N",NA,"summer"
"655",655,201706,16,34688.52,1965.6,3336074,8532.36,0,96.94,"금","N",NA,"summer"
"656",656,201706,17,29626.2,1607.04,2174924,7139.88,0,97.1,"토","N",NA,"summer"
"657",657,201706,18,28250.64,1440,1279754,6639.12,0,97.31,"일","N",NA,"summer"
"658",658,201706,19,34854.12,1928.16,3336331,8615.52,0,97.01,"월","N",NA,"summer"
"659",659,201706,20,34521.12,1920.96,3313700,8339.4,0,97.11,"화","N",NA,"summer"
"660",660,201706,21,35822.88,2008.8,3448879,9130.68,0,96.72,"수","N",NA,"summer"
"661",661,201706,22,34154.64,1846.08,3256304,8109,0,97.36,"목","N",NA,"summer"
"662",662,201706,23,34002,2003.04,3313190,8439.48,0,96.72,"금","N",NA,"summer"
"663",663,201706,24,28033.56,1539.36,2058718,6420.6,0,97.41,"토","N",NA,"summer"
"664",664,201706,25,26913.96,1304.64,1219202,6135.84,0,97.34,"일","N",NA,"summer"
"665",665,201706,26,33253.56,1817.28,3151163,8267.04,0,97.01,"월","N",NA,"summer"
"666",666,201706,27,34057.8,1870.56,3238281,8516.16,0,96.99,"화","N",NA,"summer"
"667",667,201706,28,35159.04,1899.36,3365855,8911.8,0,96.85,"수","N",NA,"summer"
"668",668,201706,29,35320.68,1913.76,3378064,8985.24,0,96.85,"목","N",NA,"summer"
"669",669,201706,30,34724.88,1877.76,3320118,8949.24,0,96.69,"금","N",NA,"summer"
"670",670,201707,1,30028.68,1632.96,2189214,7662.24,0,96.78,"토","N",NA,"summer"
"671",671,201707,2,29735.64,1428.48,1347024,7226.28,0,97.25,"일","N",NA,"summer"
"672",672,201707,3,36393.12,1974.24,3462340,9135,0,96.87,"월","N",NA,"summer"
"673",673,201707,4,36818.28,2020.32,3526268,9270,0,96.96,"화","N",NA,"summer"
"674",674,201707,5,37292.04,2003.04,3568091,9647.28,0,96.69,"수","N",NA,"summer"
"675",675,201707,6,37010.16,2103.84,3547961,9521.64,0,96.75,"목","N",NA,"summer"
"676",676,201707,7,38145.24,2088,3614206,10414.08,0,96.47,"금","N",NA,"summer"
"677",677,201707,8,32597.28,1641.6,2367478,8478.36,0,96.85,"토","N",NA,"summer"
"678",678,201707,9,31264.2,1509.12,1416268,8121.96,0,96.86,"일","N",NA,"summer"
"679",679,201707,10,37192.32,1958.4,3515728,9828.36,0,96.69,"월","N",NA,"summer"
"680",680,201707,11,38558.16,2046.24,3672737,10174.32,0,96.61,"화","N",NA,"summer"
"681",681,201707,12,39226.68,2063.52,3708903,10406.16,0,96.65,"수","N",NA,"summer"
"682",682,201707,13,38941.2,2054.88,3702641,10347.84,0,96.62,"목","N",NA,"summer"
"683",683,201707,14,39406.68,2233.44,3723208,10409.4,0,96.7,"금","N",NA,"summer"
"684",684,201707,15,32556.24,1709.28,2352327,8504.28,0,96.82,"토","N",NA,"summer"
"685",685,201707,16,30612.6,1504.8,1386751,7961.76,0,96.86,"일","N",NA,"summer"
"686",686,201707,17,39071.16,2040.48,3684197,10466.28,0,96.68,"월","N","제헌절","summer"
"687",687,201707,18,38399.04,2050.56,3643469,10005.48,0,96.77,"화","N",NA,"summer"
"688",688,201707,19,39465.72,2116.8,3756790,10598.04,0,96.5,"수","N",NA,"summer"
"689",689,201707,20,39546.36,2089.44,3734340,10374.84,0,96.73,"목","N",NA,"summer"
"690",690,201707,21,40752.72,2185.92,3858537,10903.32,0,96.58,"금","N",NA,"summer"
"691",691,201707,22,35491.32,1900.8,2581725,9363.96,0,96.82,"토","N",NA,"summer"
"692",692,201707,23,34875,1663.2,1579838,9153.72,0,96.89,"일","N",NA,"summer"
"693",693,201707,24,38479.32,2016,3656730,10193.4,0,96.69,"월","N",NA,"summer"
"694",694,201707,25,40956.48,2190.24,3896845,10698.12,0,96.83,"화","N",NA,"summer"
"695",695,201707,26,40141.44,2187.36,3809702,10582.2,0,96.68,"수","N",NA,"summer"
"696",696,201707,27,38907.36,2016,3646618,10035.72,0,96.83,"목","N",NA,"summer"
"697",697,201707,28,38239.92,2023.2,3588817,10046.52,0,96.68,"금","N",NA,"summer"
"698",698,201707,29,34370.28,1791.36,2498275,8893.44,0,96.86,"토","N",NA,"summer"
"699",699,201707,30,32368.32,1536.48,1466285,8165.16,0,97.04,"일","N",NA,"summer"
"700",700,201707,31,38874.6,2067.84,3686879,10451.52,0,96.52,"월","N",NA,"summer"
"701",701,201708,1,40376.88,2136.96,3847085,10388.52,0,96.75,"화","N",NA,"summer"
"702",702,201708,2,41937.12,2191.68,3968070,11221.2,0,96.57,"수","N",NA,"summer"
"703",703,201708,3,41056.56,2175.84,3854628,10530.72,0,96.92,"목","N",NA,"summer"
"704",704,201708,4,39811.68,2116.8,3758500,10506.6,0,96.64,"금","N",NA,"summer"
"705",705,201708,5,33830.64,1794.24,2461455,8381.16,0,97.13,"토","N",NA,"summer"
"706",706,201708,6,30782.52,1395.36,1394448,6999.48,0,97.73,"일","N",NA,"summer"
"707",707,201708,7,37868.76,2108.16,3609477,9321.84,0,96.99,"월","N",NA,"summer"
"708",708,201708,8,37400.76,2018.88,3551960,9086.04,0,97.07,"화","N",NA,"summer"
"709",709,201708,9,36111.6,1919.52,3437865,8661.96,0,97.15,"수","N",NA,"summer"
"710",710,201708,10,36941.4,1941.12,3507085,8737.56,0,97.2,"목","N",NA,"summer"
"711",711,201708,11,36392.76,1931.04,3461249,8726.04,0,97.14,"금","N",NA,"summer"
"712",712,201708,12,30629.52,1638.72,2235035,6933.96,0,97.52,"토","N",NA,"summer"
"713",713,201708,13,28299.96,1333.44,1281988,6008.76,0,97.87,"일","N",NA,"summer"
"714",714,201708,14,34888.68,1876.32,3326836,8455.32,0,97.04,"월","N",NA,"summer"
"715",715,201708,15,29094.12,1326.24,1317964,6498.72,0,97.68,"화","Y","광복절","summer"
"716",716,201708,16,35022.6,1906.56,3336299,8451.72,0,97.09,"수","N",NA,"summer"
"717",717,201708,17,34114.32,1846.08,3256288,7892.28,0,97.33,"목","N",NA,"summer"
"718",718,201708,18,35117.28,1884.96,3344516,8502.84,0,97.06,"금","N",NA,"summer"
"719",719,201708,19,31545.36,1630.08,2328065,7725.6,0,96.99,"토","N",NA,"summer"
"720",720,201708,20,27410.4,1317.6,1241691,5793.12,0,98,"일","N",NA,"summer"
"721",721,201708,21,34692.48,1889.28,3304329,7714.08,0,97.49,"월","N",NA,"summer"
"722",722,201708,22,35243.64,1869.12,3353749,7906.32,0,97.46,"화","N",NA,"summer"
"723",723,201708,23,35456.04,1913.76,3380772,8093.52,0,97.38,"수","N",NA,"summer"
"724",724,201708,24,36856.08,1918.08,3488291,8275.32,0,97.53,"목","N",NA,"summer"
"725",725,201708,25,34722.36,1857.6,3304919,7890.12,0,97.41,"금","N",NA,"summer"
"726",726,201708,26,31001.4,1589.76,2306851,7090.56,0,97.17,"토","N",NA,"summer"
"727",727,201708,27,28414.08,1428.48,1287158,6318.36,0,97.39,"일","N",NA,"summer"
"728",728,201708,28,32598.36,1787.04,3108647,7457.4,0,97.29,"월","N",NA,"summer"
"729",729,201708,29,31230.72,1668.96,2958216,7148.52,0,97.33,"화","N",NA,"summer"
"730",730,201708,30,31148.64,1581.12,2921490,7445.88,0,97.28,"수","N",NA,"summer"
"731",731,201708,31,33360.84,1820.16,3182423,8202.96,0,97.06,"목","N",NA,"summer"
"732",732,201709,1,33630.12,1825.92,2053656,8561.88,0,96.86,"금","N",NA,"fall"
"733",733,201709,2,29303.64,1503.36,1590030,7588.08,0,96.8,"토","N",NA,"fall"
"734",734,201709,3,29300.04,1422.72,1327292,7416.36,0,96.94,"일","N",NA,"fall"
"735",735,201709,4,35757,1922.4,2183728,9051.12,0,96.99,"월","N",NA,"fall"
"736",736,201709,5,36022.32,1908,2204287,9075.6,0,96.91,"화","N",NA,"fall"
"737",737,201709,6,35584.92,1928.16,2183953,8920.8,0,96.94,"수","N",NA,"fall"
"738",738,201709,7,36961.2,2075.04,2279670,9687.96,0,96.59,"목","N",NA,"fall"
"739",739,201709,8,35440.2,2000.16,2182111,9133.2,0,96.74,"금","N",NA,"fall"
"740",740,201709,9,31530.24,1785.6,1715710,8208.36,0,96.69,"토","N",NA,"fall"
"741",741,201709,10,29283.48,1421.28,1326542,7300.08,0,97.09,"일","N",NA,"fall"
"742",742,201709,11,34927.56,1778.4,2123248,8811.72,0,96.93,"월","N",NA,"fall"
"743",743,201709,12,35809.92,1928.16,2194001,9062.64,0,96.89,"화","N",NA,"fall"
"744",744,201709,13,33039.72,1677.6,2010756,8015.76,0,97.21,"수","N",NA,"fall"
"745",745,201709,14,32870.88,1761.12,2006636,7977.24,0,97.12,"목","N",NA,"fall"
"746",746,201709,15,33338.88,1864.8,2045951,8221.32,0,97,"금","N",NA,"fall"
"747",747,201709,16,28685.16,1465.92,1560307,7085.52,0,96.94,"토","N",NA,"fall"
"748",748,201709,17,28956.24,1440,1311718,7208.28,0,96.94,"일","N",NA,"fall"
"749",749,201709,18,34179.84,1884.96,2092837,8534.16,0,96.99,"월","N",NA,"fall"
"750",750,201709,19,34453.8,1802.88,2098653,8413.92,0,97.16,"화","N",NA,"fall"
"751",751,201709,20,32031.72,1607.04,1940780,7451.28,0,97.39,"수","N",NA,"fall"
"752",752,201709,21,32832.72,1792.8,2002789,7938,0,97.11,"목","N",NA,"fall"
"753",753,201709,22,31587.12,1679.04,1926876,7801.56,0,96.96,"금","N",NA,"fall"
"754",754,201709,23,28039.32,1448.64,1519848,7022.52,0,96.92,"토","N",NA,"fall"
"755",755,201709,24,28561.32,1402.56,1293828,7127.64,0,97.07,"일","N",NA,"fall"
"756",756,201709,25,34409.16,1860.48,2103180,8753.76,0,96.84,"월","N",NA,"fall"
"757",757,201709,26,34841.52,1972.8,2141491,8840.16,0,96.93,"화","N",NA,"fall"
"758",758,201709,27,33688.44,1853.28,2054013,8103.96,0,97.29,"수","N",NA,"fall"
"759",759,201709,28,31023,1641.6,1883662,6582.96,0,97.84,"목","N",NA,"fall"
"760",760,201709,29,27857.52,1490.4,1689582,5559.48,0,98.05,"금","N",NA,"fall"
"761",761,201709,30,23890.68,1156.32,1295486,4641.12,0,98.08,"토","N",NA,"fall"
"762",762,201710,1,23682.96,1133.28,1072838,4628.52,0,98.14,"일","N",NA,"fall"
"763",763,201710,2,23702.04,1116,1408180,4928.76,0,97.88,"월","Y","임시공휴일","fall"
"764",764,201710,3,20713.32,990.72,938313,4082.76,0,98.11,"화","Y","추석","fall"
"765",765,201710,4,19593.72,878.4,887596,3824.64,0,98.07,"수","Y","추석","fall"
"766",766,201710,5,20074.68,946.08,909383,3970.8,0,98.07,"목","Y","추석","fall"
"767",767,201710,6,20904.84,972,946989,4229.64,0,97.91,"금","Y","대체공휴일","fall"
"768",768,201710,7,23084.64,1107.36,1247402,4845.6,0,97.81,"토","N",NA,"fall"
"769",769,201710,8,23085.36,1113.12,1045767,4635.36,0,98.08,"일","N",NA,"fall"
"770",770,201710,9,24320.88,1175.04,1101736,4726.8,0,98.21,"월","Y","한글날","fall"
"771",771,201710,10,28617.48,1438.56,1730209,5544.72,0,98.24,"화","N",NA,"fall"
"772",772,201710,11,28704.6,1434.24,1730621,5117.04,0,98.5,"수","N",NA,"fall"
"773",773,201710,12,27663.48,1347.84,1669080,4661.28,0,98.62,"목","N",NA,"fall"
"774",774,201710,13,26966.16,1336.32,1625110,4496.76,0,98.6,"금","N",NA,"fall"
"775",775,201710,14,24151.68,1167.84,1307885,4131.36,0,98.45,"토","N",NA,"fall"
"776",776,201710,15,22661.64,1117.44,1026572,3747.24,0,98.63,"일","N",NA,"fall"
"777",777,201710,16,27855,1399.68,1685906,5053.68,0,98.32,"월","N",NA,"fall"
"778",778,201710,17,27787.32,1398.24,1676826,4754.16,0,98.55,"화","N",NA,"fall"
"779",779,201710,18,28324.8,1431.36,1708683,4835.16,0,98.51,"수","N",NA,"fall"
"780",780,201710,19,27847.08,1356.48,1672700,4632.84,0,98.65,"목","N",NA,"fall"
"781",781,201710,20,28084.68,1441.44,1695507,4650.48,0,98.52,"금","N",NA,"fall"
"782",782,201710,21,25434.36,1265.76,1380418,4202.28,0,98.61,"토","N",NA,"fall"
"783",783,201710,22,23765.76,1137.6,1076589,3853.8,0,98.77,"일","N",NA,"fall"
"784",784,201710,23,28616.04,1478.88,1728974,4854.96,0,98.48,"월","N",NA,"fall"
"785",785,201710,24,28516.32,1412.64,1721342,5147.64,0,98.36,"화","N",NA,"fall"
"786",786,201710,25,28699.92,1409.76,1730386,4740.48,0,98.61,"수","N",NA,"fall"
"787",787,201710,26,29732.04,1509.12,1783267,5383.8,0,98.39,"목","N",NA,"fall"
"788",788,201710,27,28542.96,1369.44,1714895,5139.72,0,98.42,"금","N",NA,"fall"
"789",789,201710,28,25693.92,1241.28,1389931,4512.6,0,98.44,"토","N",NA,"fall"
"790",790,201710,29,24067.08,1179.36,1090239,3995.64,0,98.68,"일","N",NA,"fall"
"791",791,201710,30,28254.96,1408.32,1701580,4734,0,98.7,"월","N",NA,"fall"
"792",792,201710,31,29665.44,1497.6,1787992,5443.92,0,98.27,"화","N",NA,"fall"
"793",793,201711,1,29457.36,1445.76,2494491,5314.68,0,98.59,"수","N",NA,"fall"
"794",794,201711,2,29413.44,1527.84,2505508,5105.16,0,98.54,"목","N",NA,"fall"
"795",795,201711,3,29274.84,1478.88,2479809,5186.88,0,98.52,"금","N",NA,"fall"
"796",796,201711,4,24766.92,1229.76,1808195,3976.92,0,98.81,"토","N",NA,"fall"
"797",797,201711,5,24212.88,1254.24,1193695,4234.32,0,98.63,"일","N",NA,"fall"
"798",798,201711,6,28952.28,1448.64,2471052,5011.2,0,98.57,"월","N",NA,"fall"
"799",799,201711,7,29860.92,1519.2,2546844,5048.28,0,98.6,"화","N",NA,"fall"
"800",800,201711,8,29141.28,1451.52,2467858,4785.48,0,98.72,"수","N",NA,"fall"
"801",801,201711,9,28784.16,1445.76,2442312,4557.6,0,98.79,"목","N",NA,"fall"
"802",802,201711,10,29368.08,1546.56,2497168,4879.08,0,98.69,"금","N",NA,"fall"
"803",803,201711,11,26175.6,1245.6,1903073,4548.6,0,98.58,"토","N",NA,"fall"
"804",804,201711,12,25576.56,1344.96,1260924,4321.8,0,98.76,"일","N",NA,"fall"
"805",805,201711,13,31526.28,1664.64,2698655,5732.64,0,98.48,"월","N",NA,"fall"
"806",806,201711,14,31435.56,1598.4,2673517,5310,0,98.71,"화","N",NA,"fall"
"807",807,201711,15,32583.24,1637.28,2787289,5905.44,0,98.42,"수","N",NA,"fall"
"808",808,201711,16,33530.4,1697.76,2857286,6078.24,0,98.43,"목","N",NA,"fall"
"809",809,201711,17,32910.84,1683.36,2789812,5820.84,0,98.48,"금","N",NA,"fall"
"810",810,201711,18,30623.4,1441.44,2247961,5893.2,0,98.19,"토","N",NA,"fall"
"811",811,201711,19,29924.64,1450.08,1475285,5951.16,0,98.23,"일","N",NA,"fall"
"812",812,201711,20,35473.32,1825.92,3017732,6294.6,0,98.66,"월","N",NA,"fall"
"813",813,201711,21,35440.2,1854.72,3047847,6696,0,97.99,"화","N",NA,"fall"
"814",814,201711,22,34913.88,1771.2,2968144,6459.48,0,98.46,"수","N",NA,"fall"
"815",815,201711,23,34690.68,1703.52,2944799,6485.04,0,98.4,"목","N",NA,"fall"
"816",816,201711,24,35448.84,1781.28,3011992,6723.36,0,98.31,"금","N",NA,"fall"
"817",817,201711,25,31721.76,1605.6,2326679,6261.84,0,98.15,"토","N",NA,"fall"
"818",818,201711,26,30231.36,1530.72,1490406,5984.28,0,98.01,"일","N",NA,"fall"
"819",819,201711,27,35370.36,1808.64,3008383,6553.44,0,98.48,"월","N",NA,"fall"
"820",820,201711,28,34810.92,1807.2,2972084,6114.96,0,98.61,"화","N",NA,"fall"
"821",821,201711,29,33427.08,1706.4,2847386,6310.08,0,98.29,"수","N",NA,"fall"
"822",822,201711,30,35758.08,1779.84,3045851,6907.32,0,98.25,"목","N",NA,"fall"
"823",823,201712,1,36241.56,1815.84,3059800,7369.56,0,98.12,"금","N",NA,"winter"
"824",824,201712,2,31540.32,1501.92,2302507,6417.72,0,98.03,"토","N",NA,"winter"
"825",825,201712,3,28861.56,1402.56,1422875,5311.8,0,98.43,"일","N",NA,"winter"
"826",826,201712,4,35937,1801.44,3080228,6919.92,0,98.26,"월","N",NA,"winter"
"827",827,201712,5,36875.16,1818.72,3126560,7076.16,0,98.41,"화","N",NA,"winter"
"828",828,201712,6,35885.88,1837.44,3028778,6810.84,0,98.32,"수","N",NA,"winter"
"829",829,201712,7,35574.84,1779.84,3015312,6580.44,0,98.34,"목","N",NA,"winter"
"830",830,201712,8,36110.52,1883.52,3068852,6924.6,0,98.24,"금","N",NA,"winter"
"831",831,201712,9,32168.88,1571.04,2359489,6092.64,0,98.31,"토","N",NA,"winter"
"832",832,201712,10,28932.84,1432.8,1426389,5017.32,0,98.5,"일","N",NA,"winter"
"833",833,201712,11,37550.52,1920.96,3206396,7272,0,98.29,"월","N",NA,"winter"
"834",834,201712,12,39566.88,2011.68,3371062,7820.28,0,98.21,"화","N",NA,"winter"
"835",835,201712,13,39098.16,2066.4,3327164,7596.72,0,98.24,"수","N",NA,"winter"
"836",836,201712,14,38017.08,1982.88,3218325,7290,0,98.36,"목","N",NA,"winter"
"837",837,201712,15,37301.4,1922.4,3162323,6976.8,0,98.51,"금","N",NA,"winter"
"838",838,201712,16,33163.2,1549.44,2418599,6535.8,0,98.22,"토","N",NA,"winter"
"839",839,201712,17,32581.08,1532.16,1606247,6171.12,0,98.37,"일","N",NA,"winter"
"840",840,201712,18,37628.64,1956.96,3177191,7005.96,0,98.4,"월","N",NA,"winter"
"841",841,201712,19,37336.68,1912.32,3158154,6981.12,0,98.41,"화","N",NA,"winter"
"842",842,201712,20,37464.12,1945.44,3170040,7223.76,0,98.3,"수","N",NA,"winter"
"843",843,201712,21,36335.88,1820.16,3061016,6886.8,0,98.36,"목","N",NA,"winter"
"844",844,201712,22,33748.92,1740.96,2839759,6117.12,0,98.51,"금","N",NA,"winter"
"845",845,201712,23,27176.04,1340.64,1979956,4785.48,0,98.52,"토","N",NA,"winter"
"846",846,201712,24,25001.64,1270.08,1232581,4262.76,0,98.61,"일","N",NA,"winter"
"847",847,201712,25,26299.08,1209.6,1296545,4970.88,0,98.48,"월","Y","기독탄신일","winter"
"848",848,201712,26,33416.64,1729.44,2839679,6246,0,98.42,"화","N",NA,"winter"
"849",849,201712,27,34602.84,1778.4,2943977,6864.12,0,98.26,"수","N",NA,"winter"
"850",850,201712,28,34510.32,1778.4,2900747,6912.72,0,98.3,"목","N",NA,"winter"
"851",851,201712,29,32015.88,1667.52,2707327,5898.24,0,98.48,"금","N",NA,"winter"
"852",852,201712,30,28006.92,1393.92,2018928,5304.6,0,98.49,"토","N",NA,"winter"
"853",853,201712,31,26146.8,1238.4,1289037,4623.84,0,98.63,"일","N",NA,"winter"
"854",854,201801,1,26527.68,1255.68,1307815,5150.16,0,98.44,"월","Y","1월1일","winter"
"855",855,201801,2,34158.6,1729.44,2914650,6811.2,0,98.21,"화","N",NA,"winter"
"856",856,201801,3,35211.24,1776.96,2996014,7076.88,0,98.15,"수","N",NA,"winter"
"857",857,201801,4,34865.28,1765.44,2947332,7059.6,0,98.27,"목","N",NA,"winter"
"858",858,201801,5,34359.12,1823.04,2906288,6888.24,0,98.3,"금","N",NA,"winter"
"859",859,201801,6,29670.84,1444.32,2157323,5997.6,0,98.2,"토","N",NA,"winter"
"860",860,201801,7,28265.4,1319.04,1393484,5456.52,0,98.48,"일","N",NA,"winter"
"861",861,201801,8,34528.68,1798.56,2929620,6698.52,0,98.28,"월","N",NA,"winter"
"862",862,201801,9,35440.56,1810.08,3002326,7086.96,0,98.22,"화","N",NA,"winter"
"863",863,201801,10,35872.56,1779.84,3027684,7303.32,0,98.17,"수","N",NA,"winter"
"864",864,201801,11,36596.88,1889.28,3105256,7901.28,0,97.91,"목","N",NA,"winter"
"865",865,201801,12,37861.56,1987.2,3220254,8314.92,0,97.92,"금","N",NA,"winter"
"866",866,201801,13,32573.88,1611.36,2395120,6662.88,0,98.1,"토","N",NA,"winter"
"867",867,201801,14,29451.96,1395.36,1451982,5690.52,0,98.35,"일","N",NA,"winter"
"868",868,201801,15,26981.64,1411.2,2230317,4560.12,0,98.68,"월","N",NA,"winter"
"869",869,201801,16,32032.44,1781.28,2748029,5436.72,0,98.57,"화","N",NA,"winter"
"870",870,201801,17,31110.84,1618.56,2646483,5527.8,0,98.48,"수","N",NA,"winter"
"871",871,201801,18,31751.28,1660.32,2707945,5653.44,0,98.52,"목","N",NA,"winter"
"872",872,201801,19,31393.08,1671.84,2643524,5628.24,0,98.58,"금","N",NA,"winter"
"873",873,201801,20,26086.32,1288.8,1894452,4385.52,0,98.74,"토","N",NA,"winter"
"874",874,201801,21,24939.36,1215.36,1229510,4034.16,0,98.81,"일","N",NA,"winter"
"875",875,201801,22,32584.32,1801.44,2787859,5819.4,0,98.5,"월","N",NA,"winter"
"876",876,201801,23,36371.16,2064.96,3111048,7340.4,0,98.11,"화","N",NA,"winter"
"877",877,201801,24,37315.08,2024.64,3189647,7823.16,0,98.02,"수","N",NA,"winter"
"878",878,201801,25,37287.72,1964.16,3170937,7332.12,0,98.33,"목","N",NA,"winter"
"879",879,201801,26,36698.04,1928.16,3096065,7232.4,0,98.3,"금","N",NA,"winter"
"880",880,201801,27,31741.2,1576.8,2318859,6422.76,0,98.18,"토","N",NA,"winter"
"881",881,201801,28,29192.4,1342.08,1439185,5493.96,0,98.39,"일","N",NA,"winter"
"882",882,201801,29,35580.24,1861.92,3026036,6818.04,0,98.31,"월","N",NA,"winter"
"883",883,201801,30,35384.04,1863.36,3012027,6842.88,0,98.28,"화","N",NA,"winter"
"884",884,201801,31,35365.68,1851.84,2983466,6662.52,0,98.38,"수","N",NA,"winter"
"885",885,201802,1,34819.92,1758.24,2960102,6567.12,0,98.39,"목","N",NA,"winter"
"886",886,201802,2,34697.16,1817.28,2951963,6729.84,0,98.18,"금","N",NA,"winter"
"887",887,201802,3,31097.88,1537.92,2290756,6287.76,0,98.1,"토","N",NA,"winter"
"888",888,201802,4,28386,1308.96,1399430,5196.96,0,98.54,"일","N",NA,"winter"
"889",889,201802,5,34433.28,1853.28,2929499,6445.08,0,98.47,"월","N",NA,"winter"
"890",890,201802,6,35248.32,1831.68,3004825,6816.24,0,98.31,"화","N",NA,"winter"
"891",891,201802,7,34817.76,1782.72,2941048,6796.08,0,98.33,"수","N",NA,"winter"
"892",892,201802,8,34492.68,1768.32,2921147,6759,0,98.39,"목","N",NA,"winter"
"893",893,201802,9,33408.36,1751.04,2809299,6352.56,0,98.38,"금","N",NA,"winter"
"894",894,201802,10,27819.36,1379.52,2041179,5112.72,0,98.35,"토","N",NA,"winter"
"895",895,201802,11,27382.68,1336.32,1349966,5386.32,0,98.23,"일","N",NA,"winter"
"896",896,201802,12,33582.6,1732.32,2873198,6503.04,0,98.33,"월","N",NA,"winter"
"897",897,201802,13,32356.8,1699.2,2734657,5923.08,0,98.53,"화","N",NA,"winter"
"898",898,201802,14,29628,1664.64,2511953,5221.8,0,98.44,"수","N",NA,"winter"
"899",899,201802,15,22862.88,1069.92,1127140,3828.6,0,98.75,"목","Y","설날","winter"
"900",900,201802,16,22096.44,1010.88,1089354,4074.12,0,98.34,"금","Y","설날","winter"
"901",901,201802,17,22451.04,1048.32,1106836,4069.8,0,98.47,"토","Y","설날","winter"
"902",902,201802,18,23527.08,1205.28,1159885,4014,0,98.74,"일","N",NA,"winter"
"903",903,201802,19,30367.08,1595.52,2583220,5644.44,0,98.35,"월","N",NA,"winter"
"904",904,201802,20,31144.32,1663.2,2662976,5678.64,0,98.45,"화","N",NA,"winter"
"905",905,201802,21,31758.12,1635.84,2691927,6216.84,0,98.31,"수","N",NA,"winter"
"906",906,201802,22,31910.4,1663.2,2704041,6202.8,0,98.21,"목","N",NA,"winter"
"907",907,201802,23,31992.84,1743.84,2716707,6045.84,0,98.3,"금","N",NA,"winter"
"908",908,201802,24,27658.8,1645.92,2021452,5436,0,98.21,"토","N",NA,"winter"
"909",909,201802,25,24409.44,1232.64,1203385,4152.96,0,98.68,"일","N",NA,"winter"
"910",910,201802,26,30638.52,1631.52,2614578,5547.24,0,98.4,"월","N",NA,"winter"
"911",911,201802,27,32718.24,1787.04,2828547,5895.36,0,98.32,"화","N",NA,"winter"
"912",912,201802,28,34209.36,1918.08,2925146,6396.84,0,98.35,"수","N",NA,"winter"
"913",NA,NA,NA,NA,NA,NA,NA,NA,NA,NA,"N",NA,NA
